推: 0,噓: 0,分數: 0,作者: ayasesayuki (綾瀨紗雪),標題: Re: [問卦] 為什麼只有台灣人會說行人是帝王?,時間: Fri Dec 15 19:39:40 2023,0,0
推: 5,噓: 0,分數: 5,作者: lili712 (7年級韭菜),標題: [問卦] 佳德鳳梨酥早上八點半就要排隊？,時間: Sat Dec 16 08:38:08 2023,5,0
推: 50,噓: 5,分數: 45,作者: Abobe (寶嗚),標題: [問卦] 統神:從今天起我們發起拒吃麥當勞  怎看?,時間: Fri Dec 15 21:36:45 2023,50,5
推: 4,噓: 1,分數: 3,作者: EmeraldAZ (小穹控),標題: [問卦] 半夜發小穹文會有人看到嗎(小穹陣線),時間: Sat Dec 16 03:45:26 2023,4,1
推: 11,噓: 1,分數: 10,作者: b33 (壁虎可愛),標題: [新聞] 沒脫褲子就生！女只顧滑手機　嬰兒頭卡「,時間: Fri Dec 15 20:55:59 2023,11,1
推: 2,噓: 0,分數: 2,作者: Ensidia (要宅的這麼神是有難度的),標題: Re: [問卦] 肺癌第四期存活率多少,時間: Fri Dec 15 23:11:26 2023,2,0
推: 10,噓: 1,分數: 9,作者: nesson99 (ㄏㄏ),標題: Re: [問卦] 登入2800次，算大學長了吧= =...?!,時間: Sat Dec 16 08:09:40 2023,10,1
推: 8,噓: 1,分數: 7,作者: LukeSkywaker (路克天醒者),標題: [問卦] 現在新竹有什麼好吃的？,時間: Sat Dec 16 01:02:34 2023,8,1
推: 3,噓: 0,分數: 3,作者: juyhnmki (juyhnmki),標題: [問卦] 如何防止民調作假？,時間: Fri Dec 15 23:45:34 2023,3,0
推: 8,噓: 1,分數: 7,作者: Ralfchen0429 (小馬),標題: Re: [問卦] ECFA廢掉 中國車進來 你真的OK?,時間: Sat Dec 16 08:10:38 2023,8,1
推: 5,噓: 0,分數: 5,作者: vi000246 (Vi),標題: [問卦] 行人過馬路要假動作才過得去?,時間: Fri Dec 15 19:22:12 2023,5,0
推: 29,噓: 0,分數: 29,作者: nesson99 (ㄏㄏ),標題: [問卦] 頂尖數學、頂尖物理，誰最吃腦力?誰最難?,時間: Fri Dec 15 22:41:45 2023,29,0
推: 15,噓: 16,分數: -1,作者: joanzkow (星浪),標題: [新聞] 校方重發《帝王條款》賀文　王必勝挺學生,時間: Fri Dec 15 22:25:39 2023,15,16
推: 7,噓: 1,分數: 6,作者: Superxixai (Lux sit),標題: [問卦] 質數有沒有分佈規律啊？,時間: Sat Dec 16 00:47:19 2023,7,1
推: 6,噓: 3,分數: 3,作者: sinyoung (AiR-NH),標題: Re: [新聞] 缺席賴清德造勢因未列不分區？ 余天：政,時間: Fri Dec 15 20:43:29 2023,6,3
推: 2,噓: 0,分數: 2,作者: pauljet (拜登哥不要),標題: Re: [新聞] 匈牙利仍阻撓 歐盟盼烏克蘭入會以終戰,時間: Fri Dec 15 19:42:23 2023,2,0
推: 2,噓: 1,分數: 1,作者: stwm04077b (stwm04077b),標題: [問卦] 有沒有北海道鶴雅飯店的八卦,時間: Sat Dec 16 00:20:30 2023,2,1
推: 8,噓: 1,分數: 7,作者: pashow (英雄英雄 膽小的狗！),標題: [問卦] 猜這樣多少錢,時間: Sat Dec 16 01:43:05 2023,8,1
推: 7,噓: 1,分數: 6,作者: asd70208 (飄流人),標題: [問卦] 確診膽鹼性蕁麻疹是不是沒救了,時間: Sat Dec 16 04:34:44 2023,7,1
推: 2,噓: 0,分數: 2,作者: stock5566 (股神56),標題: Re: [問卦] iphone是不是其實很便宜？,時間: Fri Dec 15 22:01:47 2023,2,0
推: 20,噓: 22,分數: -2,作者: TZUYIC (Celine-Flying On My Own),標題: [新聞] 金曲歌王突宣布不演了！「為賴清德獻聲」,時間: Fri Dec 15 22:52:29 2023,20,22
推: 9,噓: 1,分數: 8,作者: strellson (臺語是客家話),標題: [新聞] 未戴安全帽死亡居冠！近全國平均三倍　,時間: Sat Dec 16 08:47:10 2023,9,1
推: 4,噓: 31,分數: -27,作者: ll33457791 (The Gazer),標題: [問卦] 不再噓文你真的OK嗎？,時間: Fri Dec 15 19:34:45 2023,4,31
推: 54,噓: 3,分數: 51,作者: EtroSK (EtroSK),標題: [問卦] 雷神王還是魔動王？選哪部？,時間: Fri Dec 15 20:05:39 2023,54,3
推: 16,噓: 2,分數: 14,作者: Townshend (Pete),標題: [問卦] 帝王條款的圖畫的不切題吧？,時間: Fri Dec 15 22:22:23 2023,16,2
推: 14,噓: 0,分數: 14,作者: jason851124 (YeeeEX),標題: [問卦] 絕命律師和絕命毒師 都擠?,時間: Fri Dec 15 22:46:48 2023,14,0
推: 9,噓: 5,分數: 4,作者: elite9q (),標題: [問卦] 我支持Cheap,時間: Sat Dec 16 01:05:31 2023,9,5
推: 4,噓: 0,分數: 4,作者: emuless (emuless),標題: [新聞] 教育政策影片轉播「被消失」　柯文哲嘆不是第一次,時間: Fri Dec 15 23:06:29 2023,4,0
推: 11,噓: 4,分數: 7,作者: nobody0303 (),標題: [問卦] 沒人發現台灣一堆人總是假裝自己過很好！,時間: Fri Dec 15 19:29:43 2023,11,4
推: 6,噓: 2,分數: 4,作者: Ommmmmm5566 (有人責備我們不夠深入),標題: [問卦] 剛剛在信義區路邊救了一個聖誕老人,時間: Fri Dec 15 20:40:50 2023,6,2
推: 11,噓: 6,分數: 5,作者: Bode123 (中肯寶寶),標題: [問卦] 不得不說 自說自話的總裁......,時間: Fri Dec 15 21:52:18 2023,11,6
推: 0,噓: 0,分數: 0,作者: lightwish (穹願),標題: [新聞] 中共公布人體器官移植條例 民眾擔憂 專家,時間: Fri Dec 15 23:45:41 2023,0,0
推: 2,噓: 1,分數: 1,作者: a42152003 (泛黃的回憶),標題: Re: [新聞] 綠主委譏沒那個屁股還搶凱道 黃國昌反掀,時間: Sat Dec 16 00:31:03 2023,2,1
推: 173,噓: 25,分數: 148,作者: chadmu (噓之收集者查德姆),標題: [新聞] 詐欺車手保釋2天重操舊業 僅3天竟詐騙1女,時間: Fri Dec 15 20:58:08 2023,173,25
推: 18,噓: 48,分數: -30,作者: aure0914 (tunik),標題: [新聞] 「不該說追回獎項」Cheap道歉了：真的,時間: Fri Dec 15 21:04:15 2023,18,48
推: 7,噓: 6,分數: 1,作者: leocean9816 (阿光),標題: [新聞] 批黨政軍退出媒體跳票 黃國昌籲優先通過,時間: Sat Dec 16 02:20:00 2023,7,6
推: 3,噓: 0,分數: 3,作者: sushi11 (偶像可以亂摸嗎peko),標題: [問卦] 最早當詐騙的是不是都退休了？,時間: Fri Dec 15 21:07:36 2023,3,0
推: 6,噓: 2,分數: 4,作者: words2012 (づ′・ω・),"標題: [問卦] 包青天鐵面無私,是我們都該效法的!",時間: Sat Dec 16 01:05:26 2023,6,2
推: 3,噓: 0,分數: 3,作者: stunnerbhd (bhd),標題: [問卦] 館長+超派+廖老大身價有贏過小s的公公嗎?,時間: Sat Dec 16 00:05:21 2023,3,0
推: 45,噓: 3,分數: 42,作者: MeiHS (簽名檔詳見 其他版晃到，),"標題: [問卦] 日本店家門口貼什麼,會讓台人生氣轉安靜?",時間: Sat Dec 16 03:39:20 2023,45,3
推: 5,噓: 1,分數: 4,作者: democrat (democrat),標題: [問卦] 台灣應該要瘋狂借外債！,時間: Fri Dec 15 21:01:09 2023,5,1
推: 4,噓: 1,分數: 3,作者: redDest (紅油),標題: [問卦] 晚生小孩 小孩沒了比較能接受吧,時間: Sat Dec 16 00:52:14 2023,4,1
推: 5,噓: 1,分數: 4,作者: HTC92 (中国台湾人的驕傲-92共識),標題: [問卦] 2024年春晚吉祥物,時間: Fri Dec 15 23:21:52 2023,5,1
推: 5,噓: 1,分數: 4,作者: chadmu (噓之收集者查德姆),標題: [問卦] 央視獨家：機場歡迎人群熱情迎候習近平,時間: Sat Dec 16 00:29:37 2023,5,1
推: 3,噓: 0,分數: 3,作者: redDest (紅油),標題: [問卦] 妹妹拿我的護唇膏擦肛唇怎麼辦,時間: Sat Dec 16 00:25:52 2023,3,0
推: 2,噓: 6,分數: -4,作者: sharkpops (T-Rex),標題: [問卦] 猴選之猴會不會也會引發討論？,時間: Sat Dec 16 00:36:25 2023,2,6
推: 4,噓: 4,分數: 0,作者: U384 (皮皮),標題: [問卦] 被告過失傷害怎麼辦？,時間: Fri Dec 15 20:56:21 2023,4,4
推: 2,噓: 0,分數: 2,作者: XX9 (又又丸),標題: [問卦] 今天開始加強學英文來得及嗎?,時間: Fri Dec 15 22:49:35 2023,2,0
推: 6,噓: 1,分數: 5,作者: stock5566 (股神56),標題: [問卦] 誰被抓到呼麻你不意外?,時間: Fri Dec 15 20:42:52 2023,6,1
推: 4,噓: 1,分數: 3,作者: whiteadam (blue eyes blue),標題: [問卦] 當虛竹比較爽 還是當段譽?,時間: Sat Dec 16 00:09:36 2023,4,1
推: 22,噓: 3,分數: 19,作者: nobody0303 (),標題: [問卦] 沒人發現不斷錯過房價上車點感覺很幹嗎！,時間: Sat Dec 16 00:46:19 2023,22,3
推: 7,噓: 1,分數: 6,作者: MeiHS (簽名檔詳見 其他版晃到，),標題: [問卦] 窩同學說:房間充滿魷魚味 是啥意思?,時間: Sat Dec 16 01:31:18 2023,7,1
推: 1,噓: 1,分數: 0,作者: er2 (LED topic),標題: [問卦] 台灣五虎將是誰,時間: Fri Dec 15 21:43:19 2023,1,1
推: 33,噓: 130,分數: -97,作者: humbler (獸人H),標題: [新聞] 花敬群：沒看到地方積極推社宅,時間: Fri Dec 15 20:50:29 2023,33,130
推: 0,噓: 0,分數: 0,作者: DCHC (純愛基本教義派♥),標題: Re: [問卦] 軍武板立場一面倒是怎樣啊,時間: Fri Dec 15 21:54:28 2023,0,0
推: 1,噓: 0,分數: 1,作者: kevin05233 (kk),標題: [問卦] 八卦是不是污名化了八卦？,時間: Sat Dec 16 01:05:00 2023,1,0
推: 3,噓: 0,分數: 3,作者: Anderson0819 (炸醬牛肉烏龍麵),標題: [問卦] 烏俄戰爭最新情報（更新至20231214）興挑,時間: Fri Dec 15 20:23:56 2023,3,0
推: 0,噓: 0,分數: 0,作者: Articuno (水噹噹),標題: [新聞] 中國疫情蔓延香港 重症死亡病例增加,時間: Fri Dec 15 20:16:36 2023,0,0
推: 3,噓: 1,分數: 2,作者: KZS (肚肚怪怪的),標題: [問卦] 貼別人邪教標籤有甚麼目的？,時間: Fri Dec 15 20:32:55 2023,3,1
推: 5,噓: 3,分數: 2,作者: Clarkliu (noname),標題: [新聞] BMW女駕駛違規撞2車…等待救護躺草皮照曝,時間: Sat Dec 16 03:21:36 2023,5,3
推: 10,噓: 1,分數: 9,作者: qazxsw123 (小新),標題: [問卦] 台灣yt女神是誰,時間: Fri Dec 15 21:31:49 2023,10,1
推: 10,噓: 46,分數: -36,作者: felixden (Gura的老公),標題: [問卦] 震怒！妹妹把內衣丟在我床上該怎麼教訓她,時間: Fri Dec 15 21:13:58 2023,10,46
推: 1,噓: 0,分數: 1,作者: CHELun (那個人),標題: Re: [問卦] 其實台灣人根本不想解決問題吧？,時間: Sat Dec 16 08:53:46 2023,1,0
推: 0,噓: 0,分數: 0,作者: mynameisdick (我就是屌),標題: Re: [問卦] 保險存摺積極引導升級白金會員？,時間: Fri Dec 15 22:22:23 2023,0,0
推: 30,噓: 6,分數: 24,作者: jganet (),標題: [新聞] 吳欣盈驚人回擊！遭批對中共噤聲 口誤嗆「斷交部」講的不多置評,時間: Sat Dec 16 08:17:03 2023,30,6
推: 8,噓: 1,分數: 7,作者: a10141013 (FlyBall),標題: [新聞] 川普復仇有望？　拜登7大搖擺州總統民調,時間: Fri Dec 15 21:18:52 2023,8,1
推: 8,噓: 11,分數: -3,作者: james7923 (詹姆士Q),標題: [新聞] 紅線違停不開放檢舉！王國材：很多人誤解,時間: Sat Dec 16 08:40:38 2023,8,11
推: 27,噓: 4,分數: 23,作者: Omnitrix (?),標題: [新聞] 新莊鐵棍哥超兇！轉彎爭道爆行車糾紛　大街擋車嗆罵喊打,時間: Fri Dec 15 20:28:15 2023,27,4
推: 13,噓: 7,分數: 6,作者: xzcb2008 (可愛老娘變態貓貓=.=),標題: [問卦] =.= 看到八卦板友墜入水桶會哀傷嗎？！,時間: Fri Dec 15 19:43:46 2023,13,7
推: 3,噓: 0,分數: 3,作者: zakijudelo (Zack),標題: [問卦] 派網軍攻擊又批沒誠信，後來怎又變麻吉,時間: Fri Dec 15 20:33:05 2023,3,0
推: 15,噓: 1,分數: 14,作者: glenex (薄薄),標題: [問卦] 各位學過最廢才藝是什麼？,時間: Fri Dec 15 23:54:22 2023,15,1
推: 2,噓: 0,分數: 2,作者: starcookey (星星餅乾出品，避暑佳作),標題: [問卦] 急！一起比賽的覆面選手不見了！,時間: Fri Dec 15 21:39:52 2023,2,0
推: 6,噓: 0,分數: 6,作者: lianpig5566 (家庭教師殺手里包恩),標題: [問卦] 新兵日記跳傘是真跳嗎,時間: Fri Dec 15 19:40:21 2023,6,0
推: 5,噓: 1,分數: 4,作者: msis20 (Hi~),標題: [問卦] 物價是不是還在漲呀？,時間: Sat Dec 16 00:06:01 2023,5,1
推: 2,噓: 0,分數: 2,作者: lpbrother (LP哥(LP = Love & Peace)),標題: [新聞] 獨／昔男團偶像25歲當爸 吐心聲：若重來,時間: Sat Dec 16 06:46:23 2023,2,0
推: 19,噓: 2,分數: 17,作者: myis8787 (white),標題: [問卦] 統神會不會駝背得太嚴重了？,時間: Fri Dec 15 20:58:55 2023,19,2
推: 56,噓: 3,分數: 53,作者: razan (僅供參考),標題: [新聞] 關務人員涉放行7萬4600條加熱菸 海關：主,時間: Fri Dec 15 23:09:47 2023,56,3
推: 219,噓: 40,分數: 179,作者: HTC92 (中国台湾人的驕傲-92共識),標題: [新聞] 民進黨掛「清廉、勤政、愛鄉土」標語 柯,時間: Sat Dec 16 00:41:23 2023,219,40
推: 11,噓: 1,分數: 10,作者: than09138 (悔改中),標題: [問卦] 明天睡到飽要吃涓豆腐有什麼要注意的？,時間: Sat Dec 16 03:01:50 2023,11,1
推: 3,噓: 0,分數: 3,作者: smallplug (廢到笑),標題: [問卦] 所以現在的版本是四輪大爺還是行人皇帝？,時間: Fri Dec 15 20:48:12 2023,3,0
推: 3,噓: 0,分數: 3,作者: kenq5566 (肯Q),標題: [問卦] 橘高校的學姊學妹制嚴重嗎?,時間: Fri Dec 15 23:19:26 2023,3,0
推: 4,噓: 1,分數: 3,作者: qq326 (夢想當個好爺爺),標題: [問卦] 楊清順有結婚生小孩嗎?,時間: Fri Dec 15 19:28:40 2023,4,1
推: 49,噓: 1,分數: 48,作者: wwwsss1229 (ChuLin),標題: [問卦] 什麼事是台灣可以做 國外不行做?,時間: Fri Dec 15 20:53:49 2023,49,1
推: 0,噓: 0,分數: 0,作者: ayasesayuki (綾瀨紗雪),標題: Re: [問卦] 統神:我會給小孩一人一棟房子+500萬,時間: Sat Dec 16 00:07:52 2023,0,0
推: 464,噓: 26,分數: 438,作者: jackymars5 ((                )),標題: [問卦] 肺癌第四期存活率多少,時間: Fri Dec 15 22:28:58 2023,464,26
推: 4,噓: 1,分數: 3,作者: Yuijian (將將好),標題: [問卦] 認真！一個人、北部 可以吃什麼美食？,時間: Sat Dec 16 00:14:36 2023,4,1
推: 8,噓: 0,分數: 8,作者: lockinboy (嘿唷嘿唷),標題: [問卦] 2024台灣出生率會谷底反彈嗎,時間: Fri Dec 15 20:42:13 2023,8,0
推: 26,噓: 7,分數: 19,作者: TWipc (認真文產生器),標題: [問卦] 認真文 身邊很多人都想移民離開台灣,時間: Sat Dec 16 00:00:41 2023,26,7
推: 10,噓: 2,分數: 8,作者: Waitaha (pinga),標題: [新聞] 跌不停！陸11月一二手房售價延續降勢 購,時間: Fri Dec 15 22:47:07 2023,10,2
推: 3,噓: 1,分數: 2,作者: filmystery (P.B. take me to the US),標題: [問卦] 阿備跟一代梟雄的對話到底是誰洩漏出去??,時間: Fri Dec 15 23:45:25 2023,3,1
推: 1,噓: 3,分數: -2,作者: donloveme1 (こより一生推),標題: [問卦] 淚腺發達是怎樣的一種體驗？,時間: Fri Dec 15 22:13:37 2023,1,3
推: 0,噓: 0,分數: 0,作者: Mopack22926 (阿翔),標題: [問卦] 國文課本裡都文為啥都是中國人寫,時間: Sat Dec 16 09:00:05 2023,0,0
推: 2,噓: 0,分數: 2,作者: hihong2004 (海瘋),標題: Re: [新聞] 「不該說追回獎項」Cheap道歉了：真的,時間: Fri Dec 15 23:59:49 2023,2,0
推: 4,噓: 4,分數: 0,作者: jis0077 (一個人的輕旅行),標題: [新聞] 貿易壁壘不利綠選情 死當,時間: Fri Dec 15 21:21:18 2023,4,4
推: 0,噓: 0,分數: 0,作者: q347 (我家隔壁北川景子),標題: Re: [問卦] 總統出訪要低調嗎？,時間: Fri Dec 15 20:16:21 2023,0,0
推: 10,噓: 1,分數: 9,作者: Taiwanese (臺灣人),標題: [問卦] 以前玩寶可夢 誰會用素利柏,時間: Sat Dec 16 02:47:09 2023,10,1
推: 2,噓: 2,分數: 0,作者: zxcv91039 (人類的惡意),標題: [問卦] 台灣爛尾樓,時間: Sat Dec 16 01:36:31 2023,2,2
推: 2,噓: 1,分數: 1,作者: funsky (小妹笑嘻嘻OuO),標題: [問卦] 欸欸 當人形貓貓就可以幫女主人洗澡嗎,時間: Fri Dec 15 23:07:02 2023,2,1
推: 8,噓: 1,分數: 7,作者: llgod (Wryyyyyyyy),標題: [問卦] 今夜又是 落著小雨的暗暝,時間: Sat Dec 16 07:11:11 2023,8,1
推: 9,噓: 4,分數: 5,作者: amoyui (clom),標題: [問卦] 為啥女生比較不注重男生的顏值？,時間: Sat Dec 16 00:41:44 2023,9,4
推: 6,噓: 1,分數: 5,作者: s48692003 (s48692003),標題: [新聞] 影／「在別人的花園裡挖呀挖」 77歲老,時間: Fri Dec 15 22:20:45 2023,6,1
推: 38,噓: 3,分數: 35,作者: HomeTogether (人在歸途),標題: [新聞] 北京列車斷裂515人送醫 102人骨折 事故,時間: Fri Dec 15 21:27:09 2023,38,3
推: 1,噓: 1,分數: 0,作者: qq326 (夢想當個好爺爺),標題: [問卦] 求天堂下雨的影片 1000P幣,時間: Fri Dec 15 20:35:11 2023,1,1
推: 34,噓: 8,分數: 26,作者: EVEA (民主、 LINE 功德),標題: [問卦] cheap道歉 關政府什麼事......?,時間: Fri Dec 15 20:18:23 2023,34,8
推: 35,噓: 0,分數: 35,作者: ralfeistein (無名的ㄈㄓ王),標題: [新聞] 滅絕87年首現身！「會游泳的黃金奇異果」,時間: Fri Dec 15 23:11:43 2023,35,0
推: 3,噓: 3,分數: 0,作者: fox1234 (肥宅叛徒),標題: [問卦] 我有沙發 算什麼水平,時間: Fri Dec 15 22:40:00 2023,3,3
推: 51,噓: 32,分數: 19,作者: emperor (派蘿派蘿得第一),標題: [新聞] 《棒棒堂》阿本公開認了「7月和男友正式,時間: Fri Dec 15 19:46:38 2023,51,32
推: 3,噓: 0,分數: 3,作者: smileboy2016 (Sand Tree Pad),標題: [問卦] 雅芳羊肉爐怎有不同價格？,時間: Sat Dec 16 00:29:02 2023,3,0
推: 3,噓: 0,分數: 3,作者: Kazetachinu (辛普森ㄏㄏ ),標題: [問卦] 為什麼台女不用保家衛國？,時間: Fri Dec 15 22:30:21 2023,3,0
推: 0,噓: 0,分數: 0,作者: jimmy0316 (一吻便顛倒眾生),標題: Re: [問卦] 為何很多人打羽球,時間: Fri Dec 15 20:47:28 2023,0,0
推: 2,噓: 0,分數: 2,作者: BlueBird5566 (賴粉意見領袖),標題: Re: [問卦] Cheap 是不是在扼殺藝術阿？,時間: Fri Dec 15 21:26:19 2023,2,0
推: 2,噓: 0,分數: 2,作者: yun0615ch (阿毛毛),標題: Re: [問卦] 里長赴大陸旅遊,時間: Sat Dec 16 00:39:45 2023,2,0
推: 1,噓: 0,分數: 1,作者: whaskey (whaskey),標題: Re: [問卦] 認真文 身邊很多人都想移民離開台灣,時間: Sat Dec 16 00:31:48 2023,1,0
推: 7,噓: 3,分數: 4,作者: hsu1999a1 (光復香腸),標題: [問卦] 你各位拿學術網路發廢文都不會感到羞恥嗎,時間: Fri Dec 15 22:45:26 2023,7,3
推: 7,噓: 1,分數: 6,作者: iphone15 (哀鳳15),標題: [問卦] 舊金山是怎麼淪落成殭屍城市的？,時間: Fri Dec 15 20:46:55 2023,7,1
推: 5,噓: 0,分數: 5,作者: kerkerson (高處不勝寒),標題: [問卦] CPU溫度破百還不會熱當很扯吧??,時間: Fri Dec 15 19:21:36 2023,5,0
推: 6,噓: 0,分數: 6,作者: d995511 (flcl),標題: [問卦] 什麼叫用腦賺錢？,時間: Fri Dec 15 21:56:07 2023,6,0
推: 3,噓: 2,分數: 1,作者: tigotigo5566 (鐵劍5566),標題: Re: [新聞] 嗆收回《帝王條款》特優獎遭出征　Cheap,時間: Sat Dec 16 00:04:36 2023,3,2
推: 20,噓: 13,分數: 7,作者: pizpizpizpiz (忠孝仁愛信義和平號：號 ),標題: [問卦] 這幾天跟一個南部深綠聊天 有些不解,時間: Sat Dec 16 07:35:40 2023,20,13
推: 3,噓: 1,分數: 2,作者: b19880115 (),標題: [問卦] 居家清潔鐘點費多少算合理?,時間: Fri Dec 15 22:19:32 2023,3,1
推: 4,噓: 0,分數: 4,作者: hushiang (我練功發自真心),標題: [問卦] 鍛刀大賽砍剩的豬豬跟魚魚腫麼辦？,時間: Sat Dec 16 01:55:27 2023,4,0
推: 0,噓: 1,分數: -1,作者: andrew954 (andrew954),標題: [問卦] 幽游白書真人版是薩泰爾娛樂專屬啊？,時間: Fri Dec 15 22:06:40 2023,0,1
推: 3,噓: 7,分數: -4,作者: granttere (xMAN),標題: [問卦] 日本飯店歧視華人如何反制？,時間: Sat Dec 16 03:12:38 2023,3,7
推: 9,噓: 9,分數: 0,作者: analiya (莉雅),標題: Re: [新聞] 中國晶片企業迎來倒閉潮 日均消失30家,時間: Fri Dec 15 23:11:57 2023,9,9
推: 14,噓: 1,分數: 13,作者: pukokimo (人生充滿了BUG),標題: [新聞] 49歲李奧納多有新女伴！又是25歲,時間: Fri Dec 15 21:25:12 2023,14,1
推: 216,噓: 14,分數: 202,作者: CircusWorld (小丑世界),標題: Re: [新聞] 賴清德三天沒現身　蔡英文幫出馬南下助選,時間: Fri Dec 15 21:59:52 2023,216,14
推: 4,噓: 1,分數: 3,作者: s66449 (老實樣),標題: [問卦] 肥宅用魔術變花告白有加分嗎？,時間: Fri Dec 15 19:52:12 2023,4,1
推: 5,噓: 4,分數: 1,作者: howard24 (中信兄弟強攻強攻),標題: [問卦] 幹東堂怎麼一下就斷手啊,時間: Sat Dec 16 00:06:26 2023,5,4
推: 39,噓: 17,分數: 22,作者: JinCheng5566 (金城五洗髮精),標題: [新聞] 「神」比喻！　柯文哲喊：把民眾黨弄像「耶穌會」,時間: Fri Dec 15 23:07:20 2023,39,17
推: 14,噓: 8,分數: 6,作者: stupid0319 (徵女友),標題: [新聞] 中時民調／侯康差距賴蕭3.7％！柯盈續墊,時間: Sat Dec 16 08:54:49 2023,14,8
推: 12,噓: 1,分數: 11,作者: peterlin495 (專業果粉O'_'O),標題: [問卦] 有人也開始躺平了嘛o'_'o??,時間: Fri Dec 15 23:04:19 2023,12,1
推: 8,噓: 0,分數: 8,作者: thouloveme (赫赫),標題: [問卦] 可達鴨如何戰勝傳統媒體打壓,時間: Sat Dec 16 01:07:12 2023,8,0
推: 4,噓: 1,分數: 3,"作者: yzelly (ˋ(′～‵"")ˊ)",標題: [問卦] 你各位年菜訂哪家啊,時間: Fri Dec 15 20:48:07 2023,4,1
推: 8,噓: 1,分數: 7,作者: bache (.........),標題: Re: [問卦] 李多慧在台灣才會紅？,時間: Fri Dec 15 19:54:27 2023,8,1
推: 22,噓: 7,分數: 15,作者: howard24 (中信兄弟強攻強攻),標題: [問卦] Nvidia是不是快倒掉了啊,時間: Fri Dec 15 23:44:49 2023,22,7
推: 9,噓: 0,分數: 9,作者: EQUP (o_o),標題: [問卦] 很多人都希望無牽無掛的生活吧？,時間: Sat Dec 16 00:52:58 2023,9,0
推: 3,噓: 0,分數: 3,作者: z72117211 (渣到脫骨),標題: [問卦] 過敏 和 慢性病是不是會要人命？,時間: Sat Dec 16 03:01:02 2023,3,0
推: 44,噓: 7,分數: 37,作者: wenjia (siting),標題: [問卦] ECFA停掉會有很多人失業嗎？,時間: Fri Dec 15 19:46:13 2023,44,7
推: 10,噓: 3,分數: 7,作者: ahw12000 (體重130KG三高肥宅),標題: [問卦] 刷牙/用牙線流血到底要不要看牙醫啊?,時間: Fri Dec 15 20:39:59 2023,10,3
推: 181,噓: 16,分數: 165,作者: tsengcc (),標題: [新聞] 綠主委譏沒那個屁股還搶凱道 黃國昌反掀,時間: Fri Dec 15 23:56:47 2023,181,16
推: 12,噓: 3,分數: 9,作者: freeunixer (離自相空她相),標題: Re: [問卦] 眼鏡一副1萬5正常？,時間: Sat Dec 16 01:25:12 2023,12,3
推: 5,噓: 1,分數: 4,作者: noah5566 (noah5566),標題: [問卦] 里長赴大陸旅遊,時間: Fri Dec 15 23:13:21 2023,5,1
推: 11,噓: 5,分數: 6,作者: gaiaesque (一起來聽techno八 o'_'o),標題: [問卦] 女森85公斤大家口以嗎 o'_'o,時間: Fri Dec 15 22:38:07 2023,11,5
推: 8,噓: 7,分數: 1,作者: Comebuy (三分鐘熱度),標題: [新聞] 國父紀念館周邊建物限高令 明年1月解禁,時間: Fri Dec 15 22:06:57 2023,8,7
推: 4,噓: 3,分數: 1,作者: gaiaesque (一起來聽techno八 o'_'o),標題: [問卦] 大 o'_'o,時間: Fri Dec 15 21:40:01 2023,4,3
推: 3,噓: 1,分數: 2,作者: toofat (南勢角野郎哥),標題: [問卦] 這樣的想法正常嗎？,時間: Fri Dec 15 20:28:56 2023,3,1
推: 0,噓: 0,分數: 0,作者: kuangjc5566 (匡匡56),標題: [問卦] 就別追問 因果落地生根,時間: Fri Dec 15 22:49:07 2023,0,0
推: 16,噓: 2,分數: 14,作者: kerkerson (高處不勝寒),標題: [問卦] 滷味夾什麼老闆最高興???,時間: Fri Dec 15 23:20:20 2023,16,2
推: 8,噓: 2,分數: 6,作者: nobody0303 (),標題: [問卦] 沒人發現台灣都沒有年輕人去當木工了嗎！,時間: Fri Dec 15 20:40:01 2023,8,2
推: 5,噓: 1,分數: 4,作者: jazzcai (如果有一天),標題: [問卦] 急！請幫忙找一個人！,時間: Sat Dec 16 08:45:01 2023,5,1
推: 1,噓: 1,分數: 0,作者: froginddd (乾橘子),標題: [問卦] 其實畫作凸顯台灣很多違規阿,時間: Sat Dec 16 00:34:20 2023,1,1
推: 4,噓: 1,分數: 3,作者: iLeyaSin365 (365),標題: [問卦] 刺客信條編年史的中文配音,時間: Sat Dec 16 07:15:39 2023,4,1
推: 6,噓: 14,分數: -8,作者: spring719,標題: [問卦] 明天真的會降溫，對吧？=_=+,時間: Fri Dec 15 21:38:27 2023,6,14
推: 5,噓: 2,分數: 3,作者: Axwell (Axwell),標題: [新聞] 簽約內幕曝！道奇打出布萊恩6年前招募影,時間: Sat Dec 16 07:54:35 2023,5,2
推: 16,噓: 66,分數: -50,作者: alex1987 (基努李維),標題: [新聞] 挨轟「撒幣債留子孫」 蔡英文：我花得多,時間: Fri Dec 15 20:56:09 2023,16,66
推: 7,噓: 15,分數: -8,作者: sasaki3630 (♥Gura鯊鯊的老公 ♥),標題: [問卦] 登入2800次，算大學長了吧= =...?!,時間: Sat Dec 16 07:55:06 2023,7,15
推: 30,噓: 17,分數: 13,作者: HANASUCIA (HANASUCIA),標題: [新聞] 600萬國際客 業者嘆沒觀光財  ,時間: Sat Dec 16 01:08:04 2023,30,17
推: 5,噓: 0,分數: 5,作者: yahe0526 (慕村拓哉),標題: [問卦] 禮義廉恥是不是跟交通標語一樣沒什麼用,時間: Fri Dec 15 22:38:21 2023,5,0
推: 6,噓: 1,分數: 5,作者: yu1164 (口業姬),標題: [新聞] 跟風「服藥過量」挑戰　日小學女童亂吃藥,時間: Fri Dec 15 23:24:18 2023,6,1
推: 3,噓: 0,分數: 3,作者: JoelEmbiid21 (恩比大帝),標題: [問卦] 恐龍要怎麼扛狼?,時間: Fri Dec 15 20:26:16 2023,3,0
推: 3,噓: 5,分數: -2,作者: EVEA (民主、 LINE 功德),標題: [問卦] 震撼!!!!  下雨了~~~ !!!!,時間: Sat Dec 16 05:59:38 2023,3,5
推: 2,噓: 1,分數: 1,作者: YesNoter (是歐恩不是歪恩),標題: [問卦] 隔壁女鄰居穿的很清涼？,時間: Fri Dec 15 21:36:22 2023,2,1
推: 35,噓: 10,分數: 25,作者: kikiki37 (441),標題: [問卦] 上野樹里:台灣人很溫暖，不像日本冷漠,時間: Fri Dec 15 22:16:00 2023,35,10
推: 6,噓: 0,分數: 6,作者: lpbrother (LP哥(LP = Love & Peace)),標題: [問卦] 為啥彩券行老闆都不知道樂透得主是誰？,時間: Sat Dec 16 08:43:02 2023,6,0
推: 10,噓: 1,分數: 9,作者: huan0 (A5),標題: [問卦] 楊清順獲褒揚令算很符合條件吧,時間: Fri Dec 15 21:38:54 2023,10,1
推: 4,噓: 1,分數: 3,作者: yamaha8424 (mm),標題: [問卦] 登入次數5566要怎麼紀念？,時間: Sat Dec 16 07:49:08 2023,4,1
推: 2,噓: 0,分數: 2,作者: redDest (紅油),標題: [問卦] 吸粉刺機是智商稅嗎,時間: Fri Dec 15 22:19:10 2023,2,0
推: 3,噓: 0,分數: 3,作者: VeryGoodBoy (很棒的男孩),標題: Re: [問卦] 滷味夾什麼老闆最高興???,時間: Fri Dec 15 23:36:30 2023,3,0
推: 21,噓: 2,分數: 19,作者: sasaki3630 (♥Gura鯊鯊的老公 ♥),標題: [問卦] 靠北，現在不是冬天嗎= =...?,時間: Fri Dec 15 20:27:20 2023,21,2
推: 1,噓: 1,分數: 0,作者: turndown4wat (wat),標題: [問卦] 當隻貓也要會科目三的八卦?,時間: Fri Dec 15 19:24:00 2023,1,1
推: 4,噓: 1,分數: 3,作者: OPPAISuki (OPPAISuki),標題: [問卦] 草東沒有派對 去哪了?,時間: Sat Dec 16 00:31:03 2023,4,1
推: 3,噓: 2,分數: 1,作者: chubby31190 (優文專家),標題: [問卦] 地球在發燒 要給它吃普拿疼嗎？,時間: Fri Dec 15 21:58:55 2023,3,2
推: 1,噓: 1,分數: 0,作者: aa52189 (善良の肥宅),標題: [問卦] 妹子問我在心裡有多少位置？,時間: Fri Dec 15 21:45:43 2023,1,1
推: 4,噓: 2,分數: 2,作者: lianpig5566 (家庭教師殺手里包恩),標題: [問卦] 花月嵐只能點一樣 要拉麵還是炒飯,時間: Sat Dec 16 03:07:53 2023,4,2
推: 19,噓: 76,分數: -57,作者: MikaHakkinen (丟人現眼過氣老人),標題: [新聞] 挨批大撒幣 蔡英文：我真的花很多錢 但也,時間: Sat Dec 16 04:44:33 2023,19,76
推: 1,噓: 3,分數: -2,作者: skn60694 (入聲),標題: [問卦] 現在男生484流行露吊嘎?,時間: Fri Dec 15 20:45:13 2023,1,3
推: 4,噓: 1,分數: 3,作者: soy5566 (醬油哥),標題: [問卦] 有沒有計程車開後車廂會臭臉的八卦？,時間: Sat Dec 16 08:50:39 2023,4,1
推: 7,噓: 2,分數: 5,作者: engineer1 (爺呼弟),標題: [問卦] 有五分鐘看甲片嗎？,時間: Sat Dec 16 07:56:26 2023,7,2
推: 100,噓: 21,分數: 79,作者: Jaygo5566 (杰哥5566),標題: [問卦] 台劇是不是越來越糞了？,時間: Sat Dec 16 01:43:50 2023,100,21
推: 36,噓: 9,分數: 27,作者: tsaotsaogh (Advantage),標題: [新聞] 愛莉莎莎：我的粉絲70%都支持你 柯文哲：,時間: Sat Dec 16 08:38:05 2023,36,9
推: 1,噓: 3,分數: -2,作者: whiteadam (blue eyes blue),標題: [問卦] 宋羽葤算是美女嗎,時間: Sat Dec 16 00:31:40 2023,1,3
推: 8,噓: 2,分數: 6,作者: shrinkage (Shrinkage),標題: [問卦] 性騷豬不是說要永久退出直播圈？,時間: Fri Dec 15 21:32:04 2023,8,2
推: 2,噓: 1,分數: 1,作者: chubby31190 (優文專家),標題: [問卦] 啦兒啦 啦兒啦 啦兒啦兒啦,時間: Fri Dec 15 22:44:41 2023,2,1
推: 27,噓: 26,分數: 1,作者: faryoo (說好話),標題: [新聞] 朱立倫：民進黨已經開始準備面對侯康當選,時間: Sat Dec 16 08:21:05 2023,27,26
推: 11,噓: 2,分數: 9,作者: yamahabbs (老ㄟ),標題: [問卦] 如何委婉地誇獎男同事很帥,時間: Fri Dec 15 19:43:57 2023,11,2
推: 4,噓: 1,分數: 3,作者: blueskymaple (你是不是在發球),標題: [問卦] 尾牙要怎麼辦才會開開心心,時間: Fri Dec 15 21:23:39 2023,4,1
推: 25,噓: 8,分數: 17,作者: ptt987654321 (大谷躺平),標題: [問卦] MOODYZ的這個AV女優，身體有1億元的價值?,時間: Fri Dec 15 19:29:57 2023,25,8
推: 6,噓: 0,分數: 6,作者: ex250203 (我是肥宅我驕傲),標題: [新聞] 私校倒閉潮!6大學確定退場 學生走光老師,時間: Fri Dec 15 23:44:13 2023,6,0
推: 0,噓: 0,分數: 0,作者: redDest (紅油),標題: Re: [新聞] 「母洗腎出血」孝子急出門！鄰居拒移車冷,時間: Fri Dec 15 21:46:11 2023,0,0
推: 22,噓: 8,分數: 14,作者: howard24 (中信兄弟強攻強攻),標題: [問卦] 三星看起來快倒閉了吧,時間: Sat Dec 16 00:23:58 2023,22,8
推: 1,噓: 0,分數: 1,作者: KDimitrov313 (三鶯費神),標題: [問卦] 誰是台灣新七少,時間: Fri Dec 15 21:38:10 2023,1,0
推: 5,噓: 1,分數: 4,作者: emperor (派蘿派蘿得第一),標題: [問卦] 只有牛肉不帶皮吃嗎?,時間: Sat Dec 16 00:34:45 2023,5,1
推: 1,噓: 0,分數: 1,作者: akila08539 (平手友梨奈我老婆),標題: [新聞] MLB／道奇開賣大谷新周邊　17號球衣破梅,時間: Fri Dec 15 21:31:54 2023,1,0
推: 6,噓: 2,分數: 4,作者: indoman (橄欖趴),標題: [問卦] 上班不要看今年又沒機會百萬,時間: Fri Dec 15 20:39:22 2023,6,2
推: 5,噓: 2,分數: 3,作者: essc6402xyz (帥哥肥上天),標題: [問卦] 當你不想努力時會選哪一款阿姨,時間: Fri Dec 15 20:23:16 2023,5,2
推: 2,噓: 1,分數: 1,作者: ab002211 (Alex168),標題: [問卦] 現在包養是不是很流行,時間: Fri Dec 15 23:07:21 2023,2,1
推: 4,噓: 1,分數: 3,作者: wenjia (siting),標題: [問卦] 明年會不會是很刺激的一年？,時間: Fri Dec 15 20:36:27 2023,4,1
推: 0,噓: 0,分數: 0,作者: qq326 (夢想當個好爺爺),標題: [問卦] 請問一歲的大姐,時間: Fri Dec 15 20:17:07 2023,0,0
推: 200,噓: 8,分數: 192,作者: ubcs (覺★青年超冒險蓋),標題: [公告] 愛莉莎鯊殺手 水桶發錢,時間: Fri Dec 15 22:21:08 2023,200,8
推: 68,噓: 49,分數: 19,作者: morgen (摩根),標題: [新聞] 柯文哲「本命區」民調淪老三！　黃呂錦,時間: Fri Dec 15 22:48:52 2023,68,49
推: 7,噓: 0,分數: 7,作者: LJer (i'm ok),標題: [新聞] 「黑金風暴」襲日本政壇　岸田火速撤4,時間: Fri Dec 15 22:30:05 2023,7,0
推: 6,噓: 2,分數: 4,作者: monarch0301 (席哈),標題: Re: [新聞] 政大生問高房價 吳欣盈直指央行是禍首,時間: Sat Dec 16 01:02:15 2023,6,2
推: 18,噓: 8,分數: 10,作者: EVEA (民主、 LINE 功德),標題: [問卦] 中國小學桌椅可以躺平  台灣為什麼不行,時間: Sat Dec 16 04:45:48 2023,18,8
推: 827,噓: 37,分數: 790,作者: oooops5674 (路人甲),標題: [問卦] 超商遇色老闆 親身體驗,時間: Thu Dec  7 17:10:15 2023,827,37
推: 4,噓: 1,分數: 3,作者: frank110306 (咭咭復唧靈),標題: [問卦] 國動真的不道歉嗎？,時間: Fri Dec 15 20:44:06 2023,4,1
推: 3,噓: 1,分數: 2,作者: chun0303 (chun),標題: [新聞] 高雄旅遊正夯熱 旅遊家成立高雄分公司拓,時間: Sat Dec 16 00:26:16 2023,3,1
推: 4,噓: 1,分數: 3,作者: myis8787 (white),標題: [問卦] 20年前的台灣能跟新加坡一戰嗎？,時間: Sat Dec 16 01:20:27 2023,4,1
推: 4,噓: 0,分數: 4,作者: fawangching (公園哲學家),標題: [問卦] 早期西門町電話交友到底在玩什麼？,時間: Sat Dec 16 07:53:45 2023,4,0
推: 4,噓: 1,分數: 3,作者: filmystery (P.B. take me to the US),標題: [問卦] 大家是如何看待柯比耶穌不可一世的表現??,時間: Sat Dec 16 08:49:35 2023,4,1
推: 1,噓: 7,分數: -6,作者: ccugoo (小麥),標題: [新聞] 啦啦隊女神慈妹「新戀情」？和西瓜哥哥同遊北海道　互,時間: Fri Dec 15 21:40:38 2023,1,7
推: 8,噓: 3,分數: 5,作者: JEWH (小田切腹),標題: [問卦] 為什麼屌=老二,時間: Fri Dec 15 22:51:39 2023,8,3
推: 4,噓: 0,分數: 4,作者: tw10390 (小不點兒),標題: [問卦] 廠商報價的起頭式是不是統一了,時間: Fri Dec 15 21:14:59 2023,4,0
推: 11,噓: 2,分數: 9,作者: HIDEI524 (shuchan),標題: [問卦] 〔你去跟你老闆說嘛〕的英文怎摸講？,時間: Fri Dec 15 21:04:58 2023,11,2
推: 1,噓: 3,分數: -2,作者: KimomiKai (時雨大天使),標題: [問卦] 對岸的代售服務,時間: Sat Dec 16 03:26:20 2023,1,3
推: 4,噓: 0,分數: 4,作者: kuangjc5566 (匡匡56),標題: [問卦] 祝緒丹算正嗎？,時間: Fri Dec 15 23:03:59 2023,4,0
推: 2,噓: 8,分數: -6,作者: lelena (太陽神-RA),"標題: [問卦] 吃燒酒雞麵線,算酒駕嗎?",時間: Fri Dec 15 21:54:13 2023,2,8
推: 8,噓: 1,分數: 7,作者: zeumax (煙灰缸裡的魚),標題: Re: [新聞] 民進黨掛「清廉、勤政、愛鄉土」標語 柯,時間: Sat Dec 16 01:02:05 2023,8,1
推: 1,噓: 0,分數: 1,作者: MrBing (特別來賓),標題: [問卦] 電腦菜雞提問 電供,時間: Fri Dec 15 21:20:22 2023,1,0
推: 5,噓: 9,分數: -4,作者: lisb5300 (救星無聊救星),標題: [問卦] 哭粉現在大聲的哭嗎？,時間: Sat Dec 16 01:08:03 2023,5,9
推: 5,噓: 1,分數: 4,作者: whiteadam (blue eyes blue),標題: [問卦] 郭靖是不是算渣男?,時間: Sat Dec 16 00:19:23 2023,5,1
推: 11,噓: 4,分數: 7,作者: emperor (派蘿派蘿得第一),標題: [問卦] 四塊臭豆腐70元  認真?,時間: Fri Dec 15 21:20:07 2023,11,4
推: 220,噓: 15,分數: 205,作者: kikiki37 (441),標題: [問卦] 統神:我會給小孩一人一棟房子+500萬,時間: Fri Dec 15 23:13:50 2023,220,15
推: 7,噓: 0,分數: 7,作者: hakuoro (hakuoro),標題: [新聞] 普丁分身首曝光 被問有很多嗎 親口解答,時間: Fri Dec 15 23:35:37 2023,7,0
推: 17,噓: 0,分數: 17,作者: saiulbb (#KEEP MLB GREAT!),標題: [問卦] 日本職場學校帶早餐吃會被噴爆是真的？,時間: Fri Dec 15 21:25:25 2023,17,0
推: 3,噓: 1,分數: 2,作者: cuttheshit (科特落雪),標題: [問卦] 感覺沒辦法控制自己的時間?,時間: Sat Dec 16 00:41:10 2023,3,1
推: 3,噓: 0,分數: 3,"作者: god46 (大家好,我是JayJay林俊傑)",標題: [問卦] 為什麼拆開賣比較貴？,時間: Fri Dec 15 19:38:53 2023,3,0
推: 5,噓: 0,分數: 5,作者: L1ON (我是獅子~(ﾉﾟ▽ﾟ)ﾉ♪),標題: Re: [問卦] 沒人發現韓國已經全面屌虐台灣了嗎？,時間: Sat Dec 16 01:36:59 2023,5,0
推: 8,噓: 1,分數: 7,作者: ex250203 (我是肥宅我驕傲),標題: [問卦]學校倒閉了那畢業證書怎麼辦！！！？？？,時間: Fri Dec 15 23:55:32 2023,8,1
推: 1,噓: 1,分數: 0,作者: shala (沙羅是轉換後的文字檔打m),標題: [問卦] 看到帝王過馬路本來就要禮讓，有什麼問題,時間: Fri Dec 15 20:17:31 2023,1,1
推: 6,噓: 0,分數: 6,作者: zxcv91039 (人類的惡意),標題: [問卦] 感覺每天時間都不夠用,時間: Sat Dec 16 01:02:38 2023,6,0
推: 1,噓: 0,分數: 1,作者: hstf (馬刺贏球就是爽\⊙▽⊙/),標題: Re: [新聞] 私校倒閉潮!6大學確定退場 學生走光老師,時間: Fri Dec 15 23:58:45 2023,1,0
推: 0,噓: 0,分數: 0,作者: jokerming847 (God of Mischief),標題: [問卦] 擠花袋的靈感來源是肛門嗎,時間: Fri Dec 15 19:41:03 2023,0,0
推: 55,噓: 2,分數: 53,作者: ,標題: ,時間: ,55,2
推: 18,噓: 1,分數: 17,作者: kuangjc5566 (匡匡56),標題: [問卦] 陸配是不是都不正啊目前正的只有劉詩詩,時間: Sat Dec 16 00:03:53 2023,18,1
推: 4,噓: 0,分數: 4,作者: alpacaHong (草泥),標題: [問卦] discord是不是壞了？,時間: Sat Dec 16 08:28:55 2023,4,0
推: 12,噓: 7,分數: 5,作者: seabox (呂雅筑),標題: [問卦] 蛤 Cheap對店家座位放到人行道 沒意見？,時間: Sat Dec 16 07:21:17 2023,12,7
推: 11,噓: 26,分數: -15,作者: caca7 (caca),標題: Re: [新聞] 政大生問高房價 吳欣盈直指央行是禍首,時間: Sat Dec 16 07:48:10 2023,11,26
推: 0,噓: 0,分數: 0,作者: twelvethflor (渴了),標題: [問卦] ECFA中國讓了多少?,時間: Sat Dec 16 08:59:24 2023,0,0
推: 0,噓: 0,分數: 0,作者: nonnon (我愛李多慧),標題: [問卦] 有沒有台鋼的WING STARS的八卦？,時間: Fri Dec 15 23:54:37 2023,0,0
推: 6,噓: 2,分數: 4,作者: feng19890809 (習近平(近平)),標題: [問卦] 當初說智慧型手機 取代掌機的人呢?,時間: Fri Dec 15 21:07:22 2023,6,2
推: 3,噓: 0,分數: 3,作者: HTC92 (中国台湾人的驕傲-92共識),標題: [問卦] 生日月去寶可夢中心  會得到女店員祝福,時間: Fri Dec 15 22:44:11 2023,3,0
推: 191,噓: 61,分數: 130,作者: HTC92 (中国台湾人的驕傲-92共識),標題: [新聞] 賴清德三天沒現身　蔡英文幫出馬南下助選,時間: Fri Dec 15 21:32:43 2023,191,61
推: 3,噓: 3,分數: 0,作者: NUMB43 (晚了~該睡了),標題: [問卦] 現在滿滿韓國妹台灣妹子都誰在看,時間: Sat Dec 16 01:45:57 2023,3,3
推: 2,噓: 0,分數: 2,作者: lwt501cx (爆裂魔法Explosion！！),標題: [公告] 暫時性板規 期限至2024年01月20日,時間: Sat Nov  4 15:37:58 2023,2,0
推: 2,噓: 1,分數: 1,作者: tavern (我要早點洗澡),標題: [問卦] 飛龍在天在當年算現象級的作品嗎,時間: Fri Dec 15 21:38:32 2023,2,1
推: 0,噓: 0,分數: 0,作者: didder (dider),標題: Re: [問卦] 有最短時間衝上發燒排行第一名的掛嗎？,時間: Sat Dec 16 08:16:56 2023,0,0
推: 177,噓: 5,分數: 172,作者: ALOVET (かがみんさま 小鏡大人),標題: Re: [問卦] 肺癌第四期存活率多少(發錢),時間: Fri Dec 15 23:55:34 2023,177,5
推: 9,噓: 3,分數: 6,作者: noah5566 (noah5566),標題: [問卦] 老女人的定義是幾歲,時間: Fri Dec 15 22:44:56 2023,9,3
推: 3,噓: 1,分數: 2,作者: blue999 (FLY),標題: [問卦] 12月還要開冷氣，人類還有未來嗎?,時間: Fri Dec 15 20:57:55 2023,3,1
推: 6,噓: 0,分數: 6,作者: black80731 (壞壞),標題: [新聞] 「鼠頭鴨脖」涉事企業被罰706萬 民眾追,時間: Sat Dec 16 08:00:03 2023,6,0
推: 22,噓: 0,分數: 22,作者: DTO2017 (星辰●),標題: [問卦] 明年會有年輕人要返鄉投票嗎?,時間: Fri Dec 15 23:36:30 2023,22,0
推: 5,噓: 6,分數: -1,作者: godofsex (性愛戰神),標題: [問卦] 什麼樣的人會在捷運廁所小便斗大便？,時間: Fri Dec 15 20:49:23 2023,5,6
推: 0,噓: 0,分數: 0,作者: abasqoo (德莫尼克),標題: Re: 半夜因為蕁麻疹癢到睡不著怎麼辦？,時間: Sat Dec 16 02:06:54 2023,0,0
推: 0,噓: 0,分數: 0,作者: callecstacy (SAS for champion),標題: [問卦] 家裡裝第四台的比例有一半嗎？,時間: Sat Dec 16 08:58:55 2023,0,0
推: 254,噓: 101,分數: 153,作者: fraternity (聽說小新比魯夫聰明),標題: [問卦] 沒人發現韓國已經全面屌虐台灣了嗎？,時間: Sat Dec 16 01:09:51 2023,254,101
推: 10,噓: 3,分數: 7,作者: zainc (念湘),標題: [新聞] 健保給付通過首例 7旬婦罹淋巴癌盼到CAR-,時間: Fri Dec 15 20:08:37 2023,10,3
推: 6,噓: 0,分數: 6,作者: newwer (Jesse Pinkman),標題: [問卦] babymetal是不是唱功最強偶像,時間: Fri Dec 15 23:08:22 2023,6,0
推: 3,噓: 0,分數: 3,作者: analiya (莉雅),標題: Re: [新聞] 經貿辦：我方絕不接受中方貿易壁壘調查,時間: Fri Dec 15 23:36:16 2023,3,0
推: 2,噓: 0,分數: 2,作者: qwer77651 (douhuao),標題: Re: [問卦] 三星看起來快倒閉了吧,時間: Sat Dec 16 00:26:45 2023,2,0
推: 4,噓: 1,分數: 3,作者: Nm025 (我也放妳一個人生活),標題: [問卦] 或許你是對的?,時間: Sat Dec 16 01:17:35 2023,4,1
推: 5,噓: 0,分數: 5,作者: TCB006 (\存股合庫/\榮耀呆灣/),標題: [問卦] 警察 對人民濫權時 不怕被私下處理？,時間: Fri Dec 15 23:21:40 2023,5,0
推: 4,噓: 1,分數: 3,作者: a5687920 (苦大師),標題: [新聞] 全台大降溫！「暴跌剩10度」越晚越濕冷　,時間: Sat Dec 16 08:15:31 2023,4,1
推: 10,噓: 1,分數: 9,作者: pulagu (超越),標題: [新聞] 中國晶片企業迎來倒閉潮 日均消失30家,時間: Fri Dec 15 22:12:41 2023,10,1
推: 8,噓: 0,分數: 8,作者: nbarepeat (nbarepeat),標題: [問卦] 為何很多人打羽球,時間: Fri Dec 15 20:21:01 2023,8,0
推: 6,噓: 1,分數: 5,作者: Kay731 (K少),標題: [問卦] 薛之謙是唱演員才大紅的嗎?,時間: Fri Dec 15 21:03:54 2023,6,1
推: 12,噓: 30,分數: -18,作者: iam168888888 (射精),標題: [新聞] 蔡總統：支持蔡英文路線 「英德美」讓台,時間: Sat Dec 16 03:09:43 2023,12,30
推: 5,噓: 0,分數: 5,作者: chunchie (阿奇),標題: Re: [問卦] 如何才能追到八大行業的女生,時間: Fri Dec 15 19:25:52 2023,5,0
推: 9,噓: 2,分數: 7,作者: sb5471 (sb),"標題: [問卦] 行人是帝王, 那老人電動車是....？",時間: Fri Dec 15 21:04:05 2023,9,2
推: 6,噓: 1,分數: 5,作者: TWipc (認真文產生器),標題: [問卦] 認真文 為啥大家接受這種狗屎街景？,時間: Sat Dec 16 00:13:55 2023,6,1
推: 7,噓: 1,分數: 6,作者: dilson (中肯的話通常不好聽懂嗎),標題: [問卦] 什麼人會想舉辦同學會？,時間: Sat Dec 16 08:07:19 2023,7,1
推: 17,噓: 0,分數: 17,作者: Mrgoat (山羊先生),標題: [問卦]  有沒有開會中丟手榴彈的掛,時間: Sat Dec 16 02:44:21 2023,17,0
推: 7,噓: 1,分數: 6,作者: dzwei (Args&&... args),標題: [問卦] 484一堆人進不了科技業 台灣才那麼日皇民?,時間: Fri Dec 15 22:05:05 2023,7,1
推: 12,噓: 4,分數: 8,作者: SHERLOCKZH (SHERLOCKZH),標題: [問卦] 真的有人覺得壓車很帥嗎的八卦？,時間: Fri Dec 15 20:00:04 2023,12,4
推: 10,噓: 51,分數: -41,作者: felixden (Gura的老公),標題: Re: [問卦] 在玄關做愛要記得鎖門,時間: Fri Dec 15 19:41:35 2023,10,51
推: 7,噓: 1,分數: 6,作者: ahw12000 (體重130KG三高肥宅),標題: [問卦] 復健科的熱敷電療按摩有搞頭嗎?,時間: Sat Dec 16 06:29:38 2023,7,1
推: 4,噓: 0,分數: 4,作者: Qorqios (☑與哀傷的人同哀哭),標題: Re: [問卦] 捉i時會主動幫女友脫衣服嗎？,時間: Fri Dec 15 23:44:10 2023,4,0
推: 4,噓: 0,分數: 4,作者: elite9q (),標題: [問卦] 胖哥拍這部很屌了吧,時間: Fri Dec 15 21:43:04 2023,4,0
推: 158,噓: 15,分數: 143,作者: muse87131 (),標題: [問卦] 其實台灣人根本不想解決問題吧？,時間: Sat Dec 16 01:56:32 2023,158,15
推: 0,噓: 0,分數: 0,作者: andy199113 (誒嘿嘿嘿),標題: [問卦] 李芸樺 前錕P郭董小編 轉行ETtoday記者?,時間: Fri Dec 15 20:36:26 2023,0,0
推: 51,噓: 7,分數: 44,作者: ayachyan (ayachyan),標題: [新聞] 載到酒醉正妹！運將凍未條想撿屍　脫褲,時間: Sat Dec 16 06:47:10 2023,51,7
推: 3,噓: 4,分數: -1,作者: med5566 (美德5566),標題: [問卦] 國動大談跟賀瓏哪個比較尬,時間: Sat Dec 16 08:09:05 2023,3,4
推: 0,噓: 5,分數: -5,作者: jerrylin (彳亍 口巴),標題: Re: [問卦] Cheap這次不是看過風向嗎？怎麼還是翻車,時間: Fri Dec 15 23:10:54 2023,0,5
推: 15,噓: 4,分數: 11,作者: eric2016 (孤峰),標題: [問卦] 沒人發現覺青跑進深山建立天體營部落嗎！,時間: Sat Dec 16 00:35:59 2023,15,4
推: 1,噓: 0,分數: 1,作者: smileboy2016 (Sand Tree Pad),標題: Re: [問卦] 什麼人會想舉辦同學會？,時間: Sat Dec 16 08:36:54 2023,1,0
推: 9,噓: 4,分數: 5,作者: LoveMakeLove (台灣加油!),標題: [問卦]斷掉ECFA之後失業的勞工要去哪？,時間: Fri Dec 15 22:06:20 2023,9,4
推: 21,噓: 0,分數: 21,作者: sharkpops (T-Rex),標題: [新聞] 湯姆克魯斯傳擁「小25歲」新歡…出席晚宴狂放閃！超辣俄國名,時間: Fri Dec 15 19:52:11 2023,21,0
推: 22,噓: 1,分數: 21,作者: sai0224sai (塞啦),標題: [問卦] 有鄉民認識的人後來殺人嗎?,時間: Sat Dec 16 06:59:02 2023,22,1
推: 5,噓: 1,分數: 4,作者: inmee (J),標題: [問卦] 上傳動圖一個月有42萬次點閱算正常嗎?,時間: Fri Dec 15 23:59:46 2023,5,1
推: 5,噓: 1,分數: 4,作者: gk1329 (),標題: Re: [新聞] 醫告知婦人「癌症第3期」她拒治療病逝，,時間: Fri Dec 15 20:21:24 2023,5,1
推: 0,噓: 0,分數: 0,作者: jimmy0316 (一吻便顛倒眾生),標題: Re: [問卦] 蘇聯解體後 歐盟幹嘛不吸收俄羅斯,時間: Fri Dec 15 21:06:53 2023,0,0
推: 1,噓: 1,分數: 0,作者: laptic (靜夜聖林彼岸花),標題: Re: [問卦] PTT現實影響力剩下幾趴,時間: Fri Dec 15 23:13:41 2023,1,1
推: 4,噓: 0,分數: 4,作者: WangW (廢文Wang),標題: [問卦] 為啥一直斷交還能稱作外交部,時間: Fri Dec 15 22:29:57 2023,4,0
推: 6,噓: 0,分數: 6,作者: ReiKuromiya (ReiKuromiya),標題: [問卦] 南韓警察重機高速公路攔貨車差點轉生,時間: Fri Dec 15 19:45:51 2023,6,0
推: 256,噓: 29,分數: 227,作者: ubcs (覺★青年超冒險蓋),標題: [公告] hololive相關幻想文請至該專板發表,時間: Thu Dec 14 21:28:12 2023,256,29
推: 6,噓: 0,分數: 6,作者: zakijudelo (Zack),標題: [問卦] 大家在社群媒體上光鮮亮麗，私下是……,時間: Fri Dec 15 19:47:03 2023,6,0
推: 2,噓: 6,分數: -4,作者: angela09325 (ˊ∵)沒到達目標？),標題: Re: [新聞] 趙少康稱賴清德拆違建就辭中廣董座　柯,時間: Fri Dec 15 22:21:57 2023,2,6
推: 9,噓: 6,分數: 3,作者: TCB006 (\存股合庫/\榮耀呆灣/),標題: [問卦] 為什麼 烏克蘭幫美國打戰爭 卻被棄養？,時間: Fri Dec 15 20:54:46 2023,9,6
推: 9,噓: 0,分數: 9,作者: cpz (我是閃亮亮的鑽石),標題: [問卦] 40大叔都穿幾腰的褲子？,時間: Fri Dec 15 22:26:40 2023,9,0
推: 5,噓: 12,分數: -7,作者: fox1234 (肥宅叛徒),標題: [問卦] 有人要來我家吃鹹酥雞嗎☺ ,時間: Fri Dec 15 23:05:18 2023,5,12
推: 5,噓: 0,分數: 5,作者: mowkow0611 (威爺),標題: [問卦] 大家國小國中得過什麼獎嗎?,時間: Fri Dec 15 19:39:52 2023,5,0
推: 26,噓: 19,分數: 7,作者: sunstrider (逐日者),標題: [新聞] 嗆收回《帝王條款》特優獎遭出征　Cheap,時間: Fri Dec 15 23:46:00 2023,26,19
推: 3,噓: 2,分數: 1,作者: hsu1999a1 (光復香腸),標題: [問卦] 幾歲才發現聖誕老人是真的,時間: Sat Dec 16 07:49:26 2023,3,2
推: 6,噓: 2,分數: 4,作者: sasaki3630 (♥Gura鯊鯊的老公 ♥),標題: [問卦] 單身快10年，算慘嗎...?,時間: Fri Dec 15 23:46:59 2023,6,2
推: 6,噓: 2,分數: 4,作者: granttere (xMAN),標題: [問卦] iphone是不是其實很便宜？,時間: Fri Dec 15 21:08:46 2023,6,2
推: 7,噓: 0,分數: 7,作者: Beziehung (Beziehung),標題: [問卦] 啞鈴弒父案給了大眾什麼啟示？,時間: Fri Dec 15 20:48:23 2023,7,0
推: 6,噓: 0,分數: 6,作者: gigaman (pipi),標題: [問卦] 為什麼橘高校，揮一揮手就四萬人點閱了？,時間: Fri Dec 15 20:31:38 2023,6,0
推: 90,噓: 7,分數: 83,作者: yellow5 (貪狼赴陽關),標題: [問卦] 公視最近怎麼了 ,時間: Fri Dec 15 23:46:18 2023,90,7
推: 9,噓: 1,分數: 8,作者: words2012 (づ′・ω・),標題: [問卦] 沒想到中文依然沒有成為世界語言!,時間: Fri Dec 15 23:37:53 2023,9,1
推: 1,噓: 1,分數: 0,作者: johnhmj (耗呆肥羊),標題: [問卦] 髮量變少 可撥嗎？,時間: Fri Dec 15 23:37:49 2023,1,1
推: 10,噓: 2,分數: 8,作者: callhek (沒錢住帝寶),標題: [問卦] 這麼熱 誰還會吃薑母鴨==,時間: Fri Dec 15 19:50:15 2023,10,2
推: 7,噓: 1,分數: 6,作者: moshenisshit (嘻嘻),標題: [問卦] 諷刺「東海帝王條款」會有人生氣嗎？,時間: Fri Dec 15 19:42:43 2023,7,1
推: 13,噓: 3,分數: 10,作者: husky1989 (哈士奇),標題: [新聞] 日本餐廳撤下「中國人禁止入內」改貼習維尼,時間: Fri Dec 15 22:28:55 2023,13,3
推: 2,噓: 0,分數: 2,作者: amou1030 ( 無名),標題: [問卦] 以後AI會取代公司小主管嗎？,時間: Fri Dec 15 21:19:10 2023,2,0
推: 6,噓: 0,分數: 6,作者: lianpig5566 (家庭教師殺手里包恩),標題: [問卦] 麥當勞收遊戲區 不是因為消防員夫妻吧,時間: Fri Dec 15 23:45:37 2023,6,0
推: 0,噓: 0,分數: 0,作者: wahaha99 (我討厭人類),標題: Re: [問卦] 認真文 為啥大家接受這種狗屎街景？,時間: Sat Dec 16 00:27:20 2023,0,0
推: 12,噓: 1,分數: 11,作者: ffreakk (),標題: [問卦] 想聽安靜的音樂會聽什麼,時間: Fri Dec 15 23:49:56 2023,12,1
推: 3,噓: 5,分數: -2,作者: EVEA (民主、 LINE 功德),標題: [問卦] 震撼!!! 油價要降了！ 有政府會做事 ~ 嘻,時間: Sat Dec 16 04:00:57 2023,3,5
推: 7,噓: 2,分數: 5,作者: ligin (GAME OVER),標題: [問卦] 女伴以為我早洩,時間: Fri Dec 15 21:30:17 2023,7,2
推: 10,噓: 3,分數: 7,作者: obrag (歐布拉),標題: [問卦] 將來只賣地上權住宅房價就不會漲了吧,時間: Fri Dec 15 20:02:13 2023,10,3
推: 14,噓: 4,分數: 10,作者: zo6al (我書讀得少 你不要騙我),標題: [問卦] 女生說她以前比較愛玩,時間: Fri Dec 15 23:27:20 2023,14,4
推: 52,噓: 13,分數: 39,作者: william8403 (威威威廉),標題: [新聞] 挺柯文哲沒仇女!吳欣盈:柯醫師愛他媽媽.,時間: Sat Dec 16 05:51:48 2023,52,13
推: 6,噓: 18,分數: -12,作者: EVEA (民主、 LINE 功德),標題: [新聞] 范瑋琪75歲母病逝！黑人奔台中辦家祭,時間: Sat Dec 16 04:59:11 2023,6,18
推: 8,噓: 2,分數: 6,作者: MeiHS (簽名檔詳見 其他版晃到，),"標題: [問卦] 涼麵加了蒜泥或蒜末,為何能達到另個境界?",時間: Sat Dec 16 02:05:54 2023,8,2
推: 6,噓: 3,分數: 3,作者: ncc5566 (政大宅男),標題: [問卦] 我會不會暴斃？,時間: Sat Dec 16 01:26:44 2023,6,3
推: 4,噓: 0,分數: 4,作者: chunchie (阿奇),標題: [問卦] 性學專家是什麼意思==？,時間: Sat Dec 16 07:49:22 2023,4,0
推: 6,噓: 0,分數: 6,作者: engineer1 (爺呼弟),標題: [問卦] 肛門會高潮嗎？,時間: Sat Dec 16 00:48:25 2023,6,0
推: 8,噓: 0,分數: 8,作者: koy89202 (Jie),標題: [問卦] 家裡一直出現隱翅蟲是三小？,時間: Fri Dec 15 21:12:56 2023,8,0
推: 5,噓: 1,分數: 4,作者: jokerming847 (God of Mischief),標題: [問卦] 在台灣會玩滑板的都什麼人,時間: Sat Dec 16 03:13:45 2023,5,1
推: 5,噓: 6,分數: -1,作者: FL5566 (小魯妹),標題: [問卦] 股票賺12萬,時間: Fri Dec 15 22:07:02 2023,5,6
推: 8,噓: 1,分數: 7,作者: redDest (紅油),標題: [問卦] 股票中籤=詐騙?,時間: Fri Dec 15 21:11:48 2023,8,1
推: 10,噓: 1,分數: 9,作者: squall021 (史胖),標題: [新聞] 生死瞬間曝光！烏克蘭村幹部開會亂扔手榴,時間: Fri Dec 15 23:11:38 2023,10,1
推: 8,噓: 3,分數: 5,作者: createlight (創輝),標題: [新聞] 中共央視新聞播出辱習畫面 後緊急刪除,時間: Fri Dec 15 21:31:47 2023,8,3
推: 8,噓: 1,分數: 7,作者: smileboy2016 (Sand Tree Pad),標題: [問卦] 「名醫」實際是什麼概念？,時間: Fri Dec 15 23:39:08 2023,8,1
推: 3,噓: 1,分數: 2,作者: ASKR (ASKR),標題: [問卦] 最佳進步獎是不是很廢,時間: Fri Dec 15 19:54:03 2023,3,1
推: 4,噓: 4,分數: 0,作者: stock5566 (股神56),標題: [問卦] 你各位不在乎北京火車兩半了嗎？,時間: Fri Dec 15 23:27:12 2023,4,4
推: 21,噓: 5,分數: 16,作者: adsl15888 (去留),標題: [問卦] 網軍沒辦法洗YouTube發燒熱門對嗎？,時間: Sat Dec 16 01:58:26 2023,21,5
推: 6,噓: 13,分數: -7,作者: asppsa (橘子綠了),標題: [新聞] 賴清德參拜龍潭宮廟　化身一日主持人任,時間: Sat Dec 16 08:01:29 2023,6,13
推: 2,噓: 1,分數: 1,作者: huabandd (我是阿肥巴你頭),標題: Re: [問卦] 統神:從今天起我們發起拒吃麥當勞  怎看?,時間: Fri Dec 15 22:15:36 2023,2,1
推: 14,噓: 0,分數: 14,作者: winzip390 (伊恩),標題: [問卦] 用兩個字形容你現在的工作～～～,時間: Fri Dec 15 23:13:46 2023,14,0
推: 9,噓: 1,分數: 8,作者: jokerming847 (God of Mischief),標題: [問卦] 台灣對外勞還有吸引力嗎,時間: Sat Dec 16 00:10:28 2023,9,1
推: 57,噓: 0,分數: 57,作者: a6234709 (永不言棄的肥宅),標題: [問卦] 韓國是核電技術輸出國??,時間: Sat Dec 16 03:43:54 2023,57,0
推: 4,噓: 4,分數: 0,作者: FL5566 (小魯妹),標題: [問卦] 我剛洗好澡,時間: Fri Dec 15 22:31:37 2023,4,4
推: 6,噓: 3,分數: 3,作者: walk1987 (西打),標題: Re: [新聞] 《帝王條款》校方重新發賀文！表態「持,時間: Fri Dec 15 21:38:18 2023,6,3
推: 11,噓: 0,分數: 11,作者: fox1234 (肥宅叛徒),標題: [問卦] 劉皇叔為什麼不要徐州和荊州,時間: Fri Dec 15 21:40:02 2023,11,0
推: 1,噓: 2,分數: -1,作者: keyoard (小可),標題: Re: [新聞] 執法後生意冷清！全國最美老街「科技執法,時間: Fri Dec 15 23:46:23 2023,1,2
推: 1,噓: 0,分數: 1,作者: turndown4wat (wat),標題: [新聞] 室友「居家上班」是否該付更多租金？,時間: Fri Dec 15 23:33:11 2023,1,0
推: 32,噓: 46,分數: -14,作者: psychohero (Saitama),標題: [問卦] cheap道歉了,時間: Fri Dec 15 20:04:45 2023,32,46
推: 417,噓: 87,分數: 330,作者: spring719,標題: [新聞] 政大生問高房價 吳欣盈直指央行是禍首,時間: Sat Dec 16 00:33:54 2023,417,87
推: 14,噓: 6,分數: 8,作者: sky9527 (歡迎來到Sky大舞廳),標題: [問卦] 突然一直反胃一直吐怎麼辦,時間: Sat Dec 16 02:38:44 2023,14,6
推: 17,噓: 2,分數: 15,作者: Tsucomi69 (N9SU3XL3AJ4),標題: [問卦] 把兒子寵成賴皮鬼怎麼救?,時間: Sat Dec 16 01:26:02 2023,17,2
推: 9,噓: 5,分數: 4,作者: sdamel (國民美尻男=ˇ=),標題: [問卦] 女生問說好男人去哪裡了,時間: Fri Dec 15 22:00:14 2023,9,5
推: 9,噓: 2,分數: 7,作者: tamacugi (哥吉拉),標題: Re: [新聞] 快訊／趙少康：賴清德拆老家違建　我就,時間: Fri Dec 15 19:44:01 2023,9,2
推: 1,噓: 0,分數: 1,作者: muse87131 (),標題: Re: [問卦] 舊金山是怎麼淪落成殭屍城市的？,時間: Sat Dec 16 00:14:20 2023,1,0
推: 4,噓: 0,分數: 4,作者: dvleo (撒旦教),標題: [問卦] 健身的人是否都不怕冷,時間: Fri Dec 15 23:55:42 2023,4,0
推: 9,噓: 2,分數: 7,作者: a91153456 (追逐太陽的阿呆),標題: [問卦] 劉文聰為啥不繼續演戲？,時間: Fri Dec 15 20:36:35 2023,9,2
推: 2,噓: 1,分數: 1,作者: Sechss (Zwolf),標題: Re: [新聞] 詐欺車手保釋2天重操舊業 僅3天竟詐騙1女,時間: Fri Dec 15 23:03:38 2023,2,1
推: 12,噓: 1,分數: 11,作者: Bastille (巴士底),標題: [問卦] 為什麼Ptt一直推薦女生內褲廣告給我,時間: Sat Dec 16 08:41:57 2023,12,1
推: 61,噓: 3,分數: 58,作者: kuangjc5566 (匡匡56),標題: [爆卦] 中國不允許中國人從第三地來台灣玩,時間: Fri Dec 15 22:32:35 2023,61,3
推: 0,噓: 0,分數: 0,作者: idunhav1 (你知道天空為什麼是藍的?),標題: [新聞] 英防相:英國航艦打擊群2025重返印太 具嚇,時間: Fri Dec 15 21:25:32 2023,0,0
推: 9,噓: 1,分數: 8,作者: s5869157 (肥皂泡的世界),標題: [問卦] 三個白人男生欺負一個亞洲女生,時間: Fri Dec 15 19:29:48 2023,9,1
推: 7,噓: 2,分數: 5,作者: se2422 (庫帕),標題: [問卦] 從什麼時候詐騙變成顯學的,時間: Sat Dec 16 02:32:29 2023,7,2
推: 4,噓: 0,分數: 4,作者: filmystery (P.B. take me to the US),標題: Re: [問卦] 劉皇叔為什麼不要徐州和荊州,時間: Fri Dec 15 23:33:36 2023,4,0
推: 2,噓: 2,分數: 0,作者: qazwsx0128 (*****),標題: [問卦] 夜店賤pu平日都在什麼地方？,時間: Fri Dec 15 22:12:10 2023,2,2
推: 15,噓: 1,分數: 14,作者: topahot9303 (你很那個耶),標題: [問卦] 小時候喝過長大還很愛的廣告飲品,時間: Fri Dec 15 23:47:33 2023,15,1
推: 5,噓: 2,分數: 3,作者: mizuarashi (米茲阿拉西),標題: [問卦] 為什麼很多人喜歡站在斑馬線上等紅燈？,時間: Fri Dec 15 22:16:10 2023,5,2
推: 48,噓: 9,分數: 39,作者: bird09 (鳥九),標題: [新聞] 鎮瀾宮排第8！全台香火最旺廟「吸680萬人,時間: Fri Dec 15 22:15:23 2023,48,9
推: 7,噓: 3,分數: 4,作者: Qoo20811 (冠宇哥),標題: [問卦] 欸！如何搭訕日本站街妹子？,時間: Fri Dec 15 21:15:13 2023,7,3
推: 16,噓: 14,分數: 2,作者: stewartqq (涼a),標題: [新聞] 經貿辦：我方絕不接受中方貿易壁壘調查,時間: Fri Dec 15 21:44:35 2023,16,14
推: 12,噓: 2,分數: 10,作者: todao (心裡有數),標題: Re: [問卦] 為啥誠品堅持開24小時的書局？,時間: Sat Dec 16 05:08:24 2023,12,2
推: 0,噓: 0,分數: 0,作者: piggy37 (小時),標題: [問卦] 其實人類過去只不過是寵物對吧,時間: Sat Dec 16 09:02:53 2023,0,0
推: 4,噓: 1,分數: 3,作者: EVEA (民主、 LINE 功德),標題: Re: [問卦] 國道3號一堆警車怎摸惹？？,時間: Fri Dec 15 19:56:53 2023,4,1
推: 6,噓: 0,分數: 6,作者: likehood (a-fa),標題: Re: [新聞] 108課綱刪古文「廉恥」！北一女師轟：無,時間: Sat Dec 16 00:42:51 2023,6,0
推: 4,噓: 0,分數: 4,作者: MOrgAn550 (m550),標題: [問卦] 有沒有牛牽到北京還是牛的八卦？,時間: Sat Dec 16 00:42:44 2023,4,0
推: 15,噓: 1,分數: 14,作者: TCB006 (\存股合庫/\榮耀呆灣/),標題: [問卦] 國中生親人被車撞 還會訕笑帝王條款嗎？,時間: Fri Dec 15 20:23:16 2023,15,1
推: 3,噓: 1,分數: 2,作者: lovea (lovea),標題: [問卦] 阿北為什麼女人緣這麼好??,時間: Sat Dec 16 08:41:29 2023,3,1
推: 5,噓: 3,分數: 2,作者: fack3170 (法克),標題: [新聞] 林襄慘被操爆！全身痠痛 哀號 : 我以為,時間: Fri Dec 15 21:26:30 2023,5,3
推: 363,噓: 28,分數: 335,作者: CREA (人間不信),標題: [新聞] 赴政大演講兩度口誤稱外交部為「斷交部」 吳欣盈親自解釋財產申報疑雲,時間: Fri Dec 15 22:12:06 2023,363,28
推: 1,噓: 0,分數: 1,作者: k99t (聖誕小雞),標題: [問卦] 如果是拳擊手碰到南投棒球隊有辦法招架？,時間: Fri Dec 15 21:38:31 2023,1,0
推: 2,噓: 3,分數: -1,作者: alexhsu0909 (MazdaNo1),標題: [問卦] ABC臉具體是什麼樣的？,時間: Fri Dec 15 20:32:13 2023,2,3
推: 16,噓: 2,分數: 14,作者: roex0608 (小梶),標題: [新聞] 朱學恒涉強制猥褻遭起訴 追加限制出境8,時間: Fri Dec 15 23:11:42 2023,16,2
推: 2,噓: 2,分數: 0,作者: gigaman (pipi),標題: [問卦] 真人版霸王條款街頭上演,時間: Fri Dec 15 22:27:32 2023,2,2
推: 8,噓: 9,分數: -1,作者: historyway (歷史是一條孤獨的道路),標題: Re: [新聞] 「神」比喻！　柯文哲喊：把民眾黨弄像「耶穌會」,時間: Fri Dec 15 23:48:02 2023,8,9
推: 5,噓: 3,分數: 2,作者: rexlin (Some like it hot!!),標題: [問卦] 麥當勞點餐機大家給幾分?,時間: Sat Dec 16 07:52:28 2023,5,3
推: 2,噓: 1,分數: 1,作者: sulanpa (...),標題: [問卦] 肥宅會嫌棄離過婚的女人嗎,時間: Fri Dec 15 23:53:16 2023,2,1
推: 11,噓: 6,分數: 5,作者: ericgary (艾瑞克蓋瑞),標題: [問卦] 房價根本不是生育率低的原因吧？,時間: Fri Dec 15 19:25:48 2023,11,6
推: 7,噓: 9,分數: -2,作者: xinyi101 (小愛茶),標題: [問卦] 歐兔板說自己政治傾向被出征？,時間: Fri Dec 15 20:30:13 2023,7,9
推: 37,噓: 7,分數: 30,作者: cmelo1515 (瓜農),標題: [問卦] 國道3號一堆警車怎摸惹？？,時間: Fri Dec 15 19:43:04 2023,37,7
推: 6,噓: 0,分數: 6,作者: jason050117 (),標題: [新聞] 英國硬幣70年首換設計 以當地原生物種為主題,時間: Fri Dec 15 20:49:37 2023,6,0
推: 3,噓: 2,分數: 1,作者: sulanpa (...),標題: [問卦] 在正妹旁邊放屁的肥宅如何討回形象,時間: Sat Dec 16 08:44:45 2023,3,2
推: 9,噓: 2,分數: 7,作者: wingxl (仰望天空就能飛翔),標題: [問卦] 朋友是鍊金術師，家中有一個女兒和一隻狗,時間: Fri Dec 15 22:33:27 2023,9,2
推: 4,噓: 2,分數: 2,作者: yokann ( ),標題: [新聞] 假結婚盜領7旬老翁百萬財產 得手40萬多元,時間: Sat Dec 16 08:34:44 2023,4,2
推: 9,噓: 1,分數: 8,作者: Sk8erBoi (滑板男孩),標題: [問卦] NETFLIX選片困難症,時間: Sat Dec 16 00:45:17 2023,9,1
推: 7,噓: 4,分數: 3,作者: Carmelo (Melo),標題: [問卦] 跟女網友約京華城看電影很爽吧？,時間: Fri Dec 15 23:40:16 2023,7,4
推: 6,噓: 3,分數: 3,作者: salischry (ss),標題: [新聞] 王家貞不符參選立委資格 林俊憲：我內心,時間: Fri Dec 15 19:24:23 2023,6,3
推: 420,噓: 34,分數: 386,作者: sam197665 (東哥),標題: [問卦] 有最短時間衝上發燒排行第一名的掛嗎？,時間: Sat Dec 16 00:39:57 2023,420,34
推: 39,噓: 3,分數: 36,作者: mercuries2 (chi),標題: [問卦] 倚天屠龍記的結局,時間: Sat Dec 16 00:44:16 2023,39,3
推: 3,噓: 0,分數: 3,作者: nbarepeat (nbarepeat),標題: [問卦] 呂布如果忠於董卓,時間: Sat Dec 16 08:32:24 2023,3,0
推: 6,噓: 0,分數: 6,作者: elite9q (),標題: [問卦] 為何你覺得大家會支持打房?,時間: Sat Dec 16 00:18:27 2023,6,0
推: 3,噓: 0,分數: 3,作者: BlueBird5566 (賴粉意見領袖),標題: [問卦] 跟著SEAN玩南投那個公務員是不是很爽,時間: Fri Dec 15 22:16:30 2023,3,0
推: 5,噓: 2,分數: 3,作者: engineer1 (爺呼弟),標題: [問卦] 真的會有人想被肛嗎？,時間: Sat Dec 16 08:20:39 2023,5,2
推: 9,噓: 2,分數: 7,作者: andy199113 (誒嘿嘿嘿),標題: [問卦] 有沒有公視主播曹晏郡的八卦?,時間: Fri Dec 15 20:13:39 2023,9,2
推: 5,噓: 2,分數: 3,作者: lianpig5566 (家庭教師殺手里包恩),標題: [問卦] 遠傳合併亞太 怎麼比台哥大併台星還順利,時間: Sat Dec 16 02:43:45 2023,5,2
推: 2,噓: 1,分數: 1,作者: Lineage097 (狐狸壽司),標題: [問卦] 彩虹社EN 天堂鳥 Enna Alouette 1/28台灣,時間: Fri Dec 15 23:29:07 2023,2,1
推: 8,噓: 0,分數: 8,作者: redDest (紅油),標題: [問卦] 家人一直問存款是在暗示什麼,時間: Fri Dec 15 22:39:09 2023,8,0
推: 332,噓: 29,分數: 303,作者: h80182 (try),標題: Re: [新聞] 柯文哲巨型人偶遶台！東海大學湧現人潮組「貪食蛇」跟,時間: Fri Dec 15 22:41:11 2023,332,29
推: 6,噓: 2,分數: 4,作者: ruthertw (督人無數就是我),"標題: [問卦] 他人過戶給自己,印鑑證明及印章交代書?",時間: Fri Dec 15 22:33:02 2023,6,2
推: 5,噓: 9,分數: -4,作者: LIN9 (LIN9),標題: [新聞] 回娘家站台吳思瑤！蕭美琴憶昔日戰友哽咽,時間: Sat Dec 16 07:46:26 2023,5,9
推: 3,噓: 0,分數: 3,作者: OPPAISuki (OPPAISuki),標題: [問卦] 肉蛋堡 是哪裡來的?,時間: Sat Dec 16 01:24:47 2023,3,0
推: 6,噓: 0,分數: 6,作者: iphone15 (哀鳳15),標題: [問卦]  河馬為何會殺人？,時間: Fri Dec 15 22:19:18 2023,6,0
推: 0,噓: 0,分數: 0,作者: lwt501cx (爆裂魔法Explosion！！),標題: [公告] 八卦板板規(2023.11.11),時間: Sat Nov 11 00:13:06 2023,0,0
推: 9,噓: 2,分數: 7,作者: jis0077 (一個人的輕旅行),標題: [問卦] 台星是不是次等用戶?,時間: Fri Dec 15 21:46:25 2023,9,2
推: 3,噓: 4,分數: -1,作者: ruthertw (督人無數就是我),"標題: [問卦] 鬼島現在做人口普查,會發生什麼事?",時間: Fri Dec 15 21:44:15 2023,3,4
推: 9,噓: 0,分數: 9,作者: todao (心裡有數),標題: Re: [問卦] 真的有佛教所說的業力嗎？,時間: Fri Dec 15 19:35:21 2023,9,0
推: 5,噓: 0,分數: 5,作者: words2012 (づ′・ω・),標題: [問卦] 倪匡曾寫宗教是外星人創立的,時間: Sat Dec 16 00:52:03 2023,5,0
推: 5,噓: 7,分數: -2,作者: shy5566 (帥5566),標題: [問卦] 某議員說50歲買房可以貸30年！哪家銀行？,時間: Fri Dec 15 23:28:39 2023,5,7
推: 1,噓: 3,分數: -2,作者: moneybuy (),標題: [問卦] 十個人有一個是甲= =,時間: Fri Dec 15 22:12:12 2023,1,3
推: 3,噓: 0,分數: 3,作者: SaintSeven (我喜歡妳),標題: [問卦] 狂灌養樂多ㄉ最高紀錄是幾瓶？,時間: Fri Dec 15 20:18:29 2023,3,0
推: 49,噓: 2,分數: 47,作者: fucKMT5566 (廢文水準和車輪一樣棒棒),標題: [問卦] 吳宗憲對周杰倫今天成就大嗎？,時間: Fri Dec 15 23:28:05 2023,49,2
推: 2,噓: 0,分數: 2,作者: shipping5566 (小姐小姐別生氣),標題: Re: [問卦] 「名醫」實際是什麼概念？,時間: Fri Dec 15 23:57:24 2023,2,0
推: 0,噓: 0,分數: 0,作者: lysing12 (排球肥宅‧﹏‧),標題: [問卦] 有沒有夜晚中一束光的八卦？,時間: Fri Dec 15 22:27:16 2023,0,0
推: 5,噓: 3,分數: 2,作者: s66449 (老實樣),標題: [問卦] 肥宅常被誇性愛技巧很好有加分嗎？,時間: Fri Dec 15 20:19:09 2023,5,3
推: 8,噓: 7,分數: 1,作者: ben108472 (ben108472),標題: [問卦] 年輕人支持的理念都是對的嗎？,時間: Sat Dec 16 08:04:47 2023,8,7
推: 10,噓: 1,分數: 9,作者: TllDA (踢打),標題: [問卦] 這兩台對撞的是什麼車？,時間: Fri Dec 15 21:02:14 2023,10,1
推: 88,噓: 3,分數: 85,作者: q347 (我家隔壁北川景子),標題: [問卦] 兩台奶台實況UU選擇困難? 請幫忙 (發錢),時間: Sat Dec 16 08:30:43 2023,88,3
推: 3,噓: 1,分數: 2,作者: zakijudelo (Zack),標題: [問卦] 把零錢亂丟在路上會怎樣嗎？,時間: Sat Dec 16 00:10:19 2023,3,1
推: 1,噓: 0,分數: 1,作者: newper (別當Google不存在),標題: Re: [爆卦] 中國不允許中國人從第三地來台灣玩,時間: Fri Dec 15 22:58:53 2023,1,0
推: 1,噓: 0,分數: 1,作者: wujet09100 (噁爛臭酸肥宅),標題: Re: [問卦] 韓國是核電技術輸出國??,時間: Sat Dec 16 06:33:05 2023,1,0
推: 0,噓: 1,分數: -1,作者: laptic (靜夜聖林彼岸花),標題: Re: [問卦] 股票中籤=詐騙?,時間: Fri Dec 15 21:24:54 2023,0,1
推: 7,噓: 3,分數: 4,作者: jackymars5 ((                )),標題: [問卦] 如果我在醫院猝死,時間: Sat Dec 16 00:51:50 2023,7,3
推: 7,噓: 2,分數: 5,作者: NARUTO (鳴人),標題: Re: [問卦] 歐兔板說自己政治傾向被出征？,時間: Fri Dec 15 20:40:04 2023,7,2
推: 8,噓: 4,分數: 4,作者: h07880201 (Dot綠茶),標題: [問卦] 有沒有小時候覺得容易，長大卻辦不到,時間: Sat Dec 16 05:42:30 2023,8,4
推: 4,噓: 1,分數: 3,作者: chunchie (阿奇),標題: [問卦] 妹子扮成聖誕老人 跟她要什麼禮物好^^？,時間: Sat Dec 16 00:18:40 2023,4,1
推: 7,噓: 0,分數: 7,作者: todao (心裡有數),標題: Re: [問卦] 請問這首AI詩乾有噴謀,時間: Sat Dec 16 04:01:57 2023,7,0
推: 12,噓: 7,分數: 5,作者: theskyofblue (天空藍),標題: [問卦] 愛莉傻傻的要是會跟阿北拍片會被迫害嗎?,時間: Sat Dec 16 02:31:51 2023,12,7
推: 0,噓: 2,分數: -2,作者: lovesaber (幻想神),標題: [問卦] 女同學拜託幫她拯救遊樂園？,時間: Fri Dec 15 19:22:55 2023,0,2
推: 19,噓: 11,分數: 8,作者: leosky41 (MusiQ),標題: [問卦] 請問Cheap如果在三國志裡會是哪個武將,時間: Fri Dec 15 20:50:44 2023,19,11
推: 1,噓: 8,分數: -7,作者: headcase (散播幸福的肥肥^^),標題: [問卦] 半夜睡不著覺 烙賽聲哼成歌,時間: Sat Dec 16 03:28:06 2023,1,8
推: 5,噓: 2,分數: 3,作者: asdf1256 (guest),標題: [新聞] 「手抄派」提升移民特考實力 她提醒1點,時間: Sat Dec 16 00:09:56 2023,5,2
推: 7,噓: 1,分數: 6,作者: CHELun (那個人),標題: [問卦] 85度C在美國怎那麼賺錢？,時間: Fri Dec 15 23:02:06 2023,7,1
推: 0,噓: 0,分數: 0,作者: abc9bitedi (abc狗咬豬),標題: [問卦] 愛讓我們義無反顧扮演了硬派,時間: Fri Dec 15 23:44:24 2023,0,0
推: 2,噓: 1,分數: 1,作者: NTKingsman (宇智波草屯人),標題: [新聞] 新北檢察官不正訊問 2度候補審查未過恐遭,時間: Fri Dec 15 22:21:28 2023,2,1
推: 0,噓: 0,分數: 0,作者: todao (心裡有數),標題: [問卦] 陳淑娟 妳莫閣挐(1)矣,時間: Sat Dec 16 03:07:42 2023,0,0
推: 8,噓: 1,分數: 7,作者: adolin (阿肚),標題: [問卦] 等不到雙子座流星雨算老歌了嗎==,時間: Fri Dec 15 22:30:15 2023,8,1
推: 5,噓: 0,分數: 5,作者: dzwei (Args&&... args),標題: [問卦] 台灣被日本接受 沒GG那種科技業 你OK?,時間: Sat Dec 16 00:03:39 2023,5,0
推: 6,噓: 0,分數: 6,作者: jimmy0316 (一吻便顛倒眾生),標題: [問卦] 聽見街頭藝人唱心儀的歌會給小費嗎？,時間: Fri Dec 15 23:25:33 2023,6,0
推: 5,噓: 0,分數: 5,作者: spirit119 (一二三木頭人),標題: [新聞] 「酒測值是零」仍判定酒駕遭逮捕　美國,時間: Fri Dec 15 23:00:54 2023,5,0
推: 2,噓: 5,分數: -3,作者: SirChen (vanilla tobacco),標題: Re: [問卦] ECFA停掉會有很多人失業嗎？,時間: Fri Dec 15 20:48:18 2023,2,5
推: 7,噓: 1,分數: 6,作者: obrag (歐布拉),標題: [問卦] 抽菸的人不怕得肺癌嗎？,時間: Sat Dec 16 00:06:15 2023,7,1
推: 7,噓: 1,分數: 6,作者: F16V (Handler One),標題: [新聞] 北市41里長涉接受招待赴中旅遊 檢調搜索,時間: Fri Dec 15 21:50:41 2023,7,1
推: 4,噓: 4,分數: 0,作者: ambitious (Andrew),標題: [問卦] 室友一直把香蕉放進微波爐,時間: Fri Dec 15 22:22:01 2023,4,4
推: 5,噓: 6,分數: -1,作者: GNFLAG (GN旗幟),標題: [問卦] 請問這首AI詩乾有噴謀,時間: Sat Dec 16 03:15:07 2023,5,6
推: 27,噓: 12,分數: 15,作者: r02182828 (覺醒的米蟲),標題: [問卦] cheap放棄ptt了嗎?,時間: Fri Dec 15 19:27:05 2023,27,12
推: 3,噓: 0,分數: 3,作者: poison5566 (已中毒),標題: Re: [問卦] 85度C在美國怎那麼賺錢？,時間: Sat Dec 16 00:04:30 2023,3,0
推: 11,噓: 4,分數: 7,作者: aabbcc520 (U質文),標題: [問卦] 32處男是不是應該改變人生不要再上ptt,時間: Sat Dec 16 00:15:23 2023,11,4
推: 9,噓: 0,分數: 9,作者: nk11208z (小魯),標題: Re: [新聞] 柯文哲影片被公視消失！陳智菡籲說明 公視致歉,時間: Fri Dec 15 19:28:11 2023,9,0
推: 2,噓: 6,分數: -4,作者: kyouya (約克郡的小羊),標題: [問卦] 現在是不是很少玩我難過的梗了？,時間: Fri Dec 15 23:32:17 2023,2,6
推: 9,噓: 1,分數: 8,作者: myis8787 (white),標題: [問卦] 有錢人移民美國還是澳洲好？,時間: Fri Dec 15 21:12:23 2023,9,1
推: 56,噓: 11,分數: 45,作者: NUMB43 (晚了~該睡了),標題: [問卦] 葉式特工怎麼忽然公開表態,時間: Fri Dec 15 20:18:08 2023,56,11
推: 127,噓: 0,分數: 127,作者: loveiu0406 (指考甯),標題: [協尋] 家中失智長輩走失 12/6 台北市大安區,時間: Sun Dec 10 23:10:41 2023,127,0
推: 4,噓: 2,分數: 2,作者: indoman (橄欖趴),標題: [問卦] 這樣的行為正常嗎,時間: Fri Dec 15 20:26:37 2023,4,2
推: 1,噓: 4,分數: -3,作者: stunnerbhd (bhd),標題: [問卦] 你的網路閨蜜skimmy 回YT啦!!!,時間: Sat Dec 16 00:14:33 2023,1,4
推: 2,噓: 3,分數: -1,作者: LOLI5566 (田勝傑),標題: [問卦] 中國小吃短片裡買東西都不先詢價？,時間: Sat Dec 16 01:01:57 2023,2,3
推: 4,噓: 0,分數: 4,作者: mmjr (我是蒙面俠黑喬桑),標題: [問卦] 你們有甚麼東西是不希望讓人知道的小物?,時間: Fri Dec 15 19:40:51 2023,4,0
推: 4,噓: 6,分數: -2,作者: tgetptg (被時間推著走),標題: [問卦] 央行違憲?,時間: Sat Dec 16 00:24:25 2023,4,6
推: 10,噓: 3,分數: 7,作者: ncc5566 (政大宅男),標題: [問卦] 爭鮮跟定時8怎麼選？,時間: Fri Dec 15 20:19:21 2023,10,3
推: 7,噓: 3,分數: 4,作者: ilovemami (墓地座六苦),標題: Re: [新聞] 獨／41歲台男遊泰遭撞不治！救護人員控,時間: Sat Dec 16 06:50:30 2023,7,3
推: 19,噓: 3,分數: 16,作者: ruthertw (督人無數就是我),標題: [新聞] 和夫吵架「妻墜橋」警消狂搜1.5小時！　,時間: Fri Dec 15 19:55:12 2023,19,3
推: 2,噓: 0,分數: 2,作者: lpbrother (LP哥(LP = Love & Peace)),標題: [問卦] 登入次數跟軍階要怎麼排？,時間: Sat Dec 16 08:18:17 2023,2,0
推: 6,噓: 4,分數: 2,作者: aabbcc520 (U質文),標題: [問卦] 32處男交不到女朋友有沒有可能我是異類,時間: Sat Dec 16 07:45:07 2023,6,4
推: 19,噓: 0,分數: 19,作者: Rose5566MVP (賣些歌),標題: [問卦] PTT現實影響力剩下幾趴,時間: Fri Dec 15 23:00:51 2023,19,0
推: 0,噓: 1,分數: -1,作者: kimura0701 (一天要喝3千cc的水),標題: [問卦] 為啥我家社區停車場有藍寶堅尼啊,時間: Fri Dec 15 22:57:04 2023,0,1
推: 5,噓: 0,分數: 5,作者: jerome2010 (636237),標題: [問卦] 買好一點廁所要花多少錢,時間: Fri Dec 15 20:16:01 2023,5,0
推: 8,噓: 1,分數: 7,作者: abcrr123 (趙雲),標題: [問卦] 除了帝王行人、帝王違建還有帝王什麼？,時間: Sat Dec 16 08:37:04 2023,8,1
推: 1,噓: 1,分數: 0,作者: cpz (我是閃亮亮的鑽石),標題: [問卦] 錢都流向不缺錢的人？,時間: Fri Dec 15 21:07:01 2023,1,1
推: 2,噓: 0,分數: 2,作者: Qoo20811 (冠宇哥),標題: Re: [問卦] 日本 Sukiya 有台灣那麼鹹嗎,時間: Fri Dec 15 23:44:14 2023,2,0
推: 7,噓: 1,分數: 6,作者: kinve1014 (黑松可樂),標題: [問卦] 福岡 高溫7度 該怎麼穿？,時間: Fri Dec 15 22:51:54 2023,7,1
推: 7,噓: 5,分數: 2,作者: k99t (聖誕小雞),標題: [問卦] 有沒有高速公路開車跟很近的八卦呢？,時間: Fri Dec 15 22:03:30 2023,7,5
推: 9,噓: 2,分數: 7,作者: jp6vu04boy (客家肥肥),標題: [問卦] 現在新聞留言是在「支持」三小？,時間: Fri Dec 15 20:07:48 2023,9,2
推: 3,噓: 2,分數: 1,作者: grant790110 (歷史的過客),標題: [問卦] 蘇聯解體後 歐盟幹嘛不吸收俄羅斯,時間: Fri Dec 15 20:54:45 2023,3,2
推: 15,噓: 2,分數: 13,作者: dennistao (不住心齋橋的心齋橋哥),標題: [問卦] 整天網軍出征政治文八卦版有其他話題嗎?,時間: Fri Dec 15 20:30:58 2023,15,2
推: 3,噓: 1,分數: 2,作者: Superxixai (Lux sit),標題: [問卦] Evernote 被盜了==,時間: Sat Dec 16 01:07:50 2023,3,1
推: 0,噓: 0,分數: 0,作者: smileboy2016 (Sand Tree Pad),標題: [問卦] 各位周遭M屬性的人多嗎？,時間: Sat Dec 16 00:01:46 2023,0,0
推: 18,噓: 199,分數: -181,作者: felixden (Gura的老公),標題: [問卦] 捉i時會主動幫女友脫衣服嗎？,時間: Fri Dec 15 22:37:40 2023,18,199
推: 1,噓: 0,分數: 1,作者: Superxixai (Lux sit),標題: [問卦] 為啥高斯不畫正七邊形？,時間: Sat Dec 16 00:08:21 2023,1,0
推: 148,噓: 40,分數: 108,作者: Ezimet (大俠),標題: [新聞] 執法後生意冷清！全國最美老街「科技執法,時間: Fri Dec 15 23:39:32 2023,148,40
推: 13,噓: 1,分數: 12,作者: Anderson0819 (炸醬牛肉烏龍麵),標題: [問卦] ISW專欄:失去烏克蘭的高昂代價,時間: Fri Dec 15 20:33:50 2023,13,1
推: 13,噓: 1,分數: 12,作者: TheGun (TheGun),標題: [問卦] 網站沒有SSL憑證代表什麼？,時間: Fri Dec 15 20:21:05 2023,13,1
推: 114,噓: 15,分數: 99,作者: aure0914 (tunik),標題: [問卦] 丁特嗆網友也未免太狠了吧？,時間: Fri Dec 15 20:36:58 2023,114,15
推: 39,噓: 3,分數: 36,作者: sheepxo ((羊臣又)),標題: [新聞] 北京地鐵「斷兩半」原因出爐 列車追撞釀,時間: Fri Dec 15 19:37:31 2023,39,3
推: 7,噓: 0,分數: 7,作者: HDSM (Love Not Change  O'_'O),標題: [問卦] 別人說的話 隨便聽一聽 自己作決定,時間: Fri Dec 15 23:17:43 2023,7,0
推: 9,噓: 12,分數: -3,作者: Beziehung (Beziehung),標題: [新聞] 蘇貞昌、黃捷騎單車賞高雄湖畔　網友笑,時間: Fri Dec 15 22:40:10 2023,9,12
推: 7,噓: 0,分數: 7,作者: XC312 (叉嘻),標題: [問卦] 御飯糰在冰箱冰過的口感很噁？,時間: Fri Dec 15 22:31:24 2023,7,0
推: 3,噓: 1,分數: 2,作者: obrag (歐布拉),標題: [問卦] 空心菜可以外送？,時間: Sat Dec 16 00:32:23 2023,3,1
推: 3,噓: 9,分數: -6,作者: akila08539 (平手友梨奈我老婆),標題: [問卦] 這樣以後還能發坂道幻想文嗎?,時間: Fri Dec 15 22:13:12 2023,3,9
推: 7,噓: 1,分數: 6,作者: Deadfisheyes (死魚眼),標題: [問卦] 大人限定的美味,時間: Sat Dec 16 02:33:01 2023,7,1
推: 32,噓: 3,分數: 29,作者: Workforme (′‧ω‧‵),標題: [新聞] Pornhub年度熱搜是它　年輕人看片只花8,時間: Sat Dec 16 06:43:24 2023,32,3
推: 189,噓: 38,分數: 151,作者: pl132 (pl132),標題: [新聞]韓5高中生「集體性侵女同學」！　開視訊,時間: Fri Dec 15 19:39:40 2023,189,38
推: 0,噓: 1,分數: -1,作者: rdfs (鐵翼蔽空),標題: Re: [問卦] 沒想到中文依然沒有成為世界語言!,時間: Sat Dec 16 00:07:56 2023,0,1
推: 11,噓: 53,分數: -42,作者: hsuyusheng (生魚片),標題: 陳建仁：2032年社會住宅目標100萬戶,時間: Sat Dec 16 08:26:08 2023,11,53
推: 7,噓: 0,分數: 7,作者: soulmola (肥宅的教育不能等),標題: [問卦] 特斯拉和愛因斯坦誰比較牛逼？,時間: Fri Dec 15 19:40:21 2023,7,0
推: 11,噓: 2,分數: 9,作者: godofsex (性愛戰神),標題: [新聞] 張安樂要選不分區立委 財產申報名下沒車,時間: Sat Dec 16 00:17:30 2023,11,2
推: 3,噓: 2,分數: 1,作者: ghostl40809 (gracias),標題: Re: [問卦] 有沒有快速消耗奶油的料理,時間: Fri Dec 15 19:26:52 2023,3,2
推: 99,噓: 13,分數: 86,作者: ANava (只發優文),標題: [新聞] 啪沒了！烏克蘭只高興幾小時 歐盟1.7兆金,時間: Fri Dec 15 21:17:19 2023,99,13
推: 6,噓: 1,分數: 5,作者: saiulbb (#KEEP MLB GREAT!),標題: Re: [問卦] cheap道歉了,時間: Fri Dec 15 20:42:24 2023,6,1
推: 9,噓: 19,分數: -10,作者: CNS3056 (奶奶),標題: [新聞] 吳欣盈批出席COP28遭擋 洪申翰:本來無,時間: Sat Dec 16 00:16:02 2023,9,19
推: 5,噓: 1,分數: 4,作者: xa9277178 (楓曦),標題: Re: [問卦] 丁特嗆網友也未免太狠了吧？,時間: Fri Dec 15 21:59:56 2023,5,1
推: 13,噓: 9,分數: 4,作者: Kobemail5566 (摳鼻阿湄56),標題: [問卦] 疫情期間哪些疫苗藥廠撈了多少？,時間: Sat Dec 16 05:34:27 2023,13,9
推: 17,噓: 10,分數: 7,作者: ralphkawaii (運動身體好!!),標題: Re: [新聞] 柯文哲專訪吐「民眾黨像耶穌會」　范琪婓,時間: Fri Dec 15 19:25:14 2023,17,10
推: 11,噓: 0,分數: 11,作者: saiulbb (#KEEP MLB GREAT!),標題: [新聞] 冬天又濕又熱，西伯利亞棕熊無法冬眠,時間: Fri Dec 15 21:46:05 2023,11,0
推: 1,噓: 0,分數: 1,作者: yangzy (亞瑟),標題: Re: [問卦] 幾歲才發現聖誕老人是真的,時間: Sat Dec 16 08:12:18 2023,1,0
推: 0,噓: 0,分數: 0,作者: haw561676 (藏在台灣海峽的大秘寶),標題: Re: [問卦] 有多少人相信公視設備出問題,時間: Fri Dec 15 19:33:01 2023,0,0
推: 56,噓: 4,分數: 52,作者: SuperPttMan (批踢踢超人),標題: [問卦] 黃牛強尼的自白，足以被起訴嗎?,時間: Fri Dec 15 21:49:42 2023,56,4
推: 2,噓: 1,分數: 1,作者: meblessme (人身攻擊是爛人),標題: [問卦] 為什麼EMP 不容易干擾體內電訊號,時間: Fri Dec 15 20:23:22 2023,2,1
推: 35,噓: 4,分數: 31,作者: hesitates (....),標題: [問卦] 日本 Sukiya 有台灣那麼鹹嗎,時間: Fri Dec 15 22:51:59 2023,35,4
推: 9,噓: 3,分數: 6,作者: k99t (聖誕小雞),標題: [問卦] 有沒有香港觀光旅遊好不好玩的八卦？,時間: Fri Dec 15 20:26:33 2023,9,3
推: 10,噓: 13,分數: -3,作者: seabox (呂雅筑),標題: [問卦] 如果Cheap不再幫交通發聲 你真的OK?,時間: Fri Dec 15 19:33:10 2023,10,13
推: 15,噓: 1,分數: 14,作者: s10130804 (台北觀察家),標題: [問卦] 新人中醫師的錢途好嗎？,時間: Sat Dec 16 07:24:42 2023,15,1
